"","player","week","fantpt"
"1","Matt Ryan","1",31.4
"2","Matthew Stafford","1",30
"3","Calvin Johnson","1",28.4
"4","Julius Thomas","1",28.4
"5","Andrew Luck","1",26.7
"6","Le'Veon Bell","1",25.7
"7","Marshawn Lynch","1",24.4
"8","Carson Palmer","1",23.1
"9","Allen Hurns","1",23
"10","Peyton Manning","1",22.5
"11","Jake Locker","1",20
"12","A.J. Green","1",19.6
"13","Knowshon Moreno","1",19.4
"14","Cordarrelle Patterson","1",18.8
"15","Russell Wilson","1",18.5
"16","Andy Dalton","1",18.3
"17","DeMarco Murray","1",18.3
"18","Derek Anderson","1",18.2
"19","Mark Ingram","1",18.1
"20","Jay Cutler","1",18
"21","Steve Smith","1",17.8
"22","Antonio Brown","1",17.6
"23","Chad Henne","1",17.4
"24","Ben Roethlisberger","1",17.4
"25","Colin Kaepernick","1",17.1
"26","Matt Forte","1",16.9
"27","EJ Manuel","1",16.8
"28","Joe Flacco","1",16.5
"29","Vernon Davis","1",16.4
"30","Justin Forsett","1",16.4
"31","Chris Ivory","1",16.2
"32","Jeremy Maclin","1",15.7
"33","Rashad Jennings","1",15.6
"34","Drew Brees","1",15.5
"35","Brandin Cooks","1",15.5
"36","Kelvin Benjamin","1",15.2
"37","Isaiah Crowell","1",15.2
"38","Chris Johnson","1",15.1
"39","Nick Foles","1",14.9
"40","DeAndre Hopkins","1",14.9
"41","Geno Smith","1",14.6
"42","Matt Cassel","1",14.5
"43","Darren Sproles","1",14.5
"44","Montee Ball","1",14.3
"45","Greg Olsen","1",14.3
"46","Josh McCown","1",14
"47","Derek Carr","1",13.9
"48","Zach Ertz","1",13.7
"49","Ryan Fitzpatrick","1",13.2
"50","Roddy White","1",13.2
"51","Shane Vereen","1",13.1
"52","Martellus Bennett","1",13
"53","Ryan Tannehill","1",12.9
"54","Brian Hoyer","1",12.7
"55","Philip Rivers","1",12.5
"56","Dwayne Allen","1",12.4
"57","C.J. Spiller","1",12.4
"58","Michael Floyd","1",12.1
"59","Antone Smith","1",12.1
"60","Mike Wallace","1",12.1
"61","Ryan Mathews","1",12
"62","Randall Cobb","1",11.8
"63","Greg Jennings","1",11.8
"64","Lamar Miller","1",11.8
"65","Joique Bell","1",11.6
"66","Larry Donnell","1",11.6
"67","Julian Edelman","1",11.6
"68","Aaron Rodgers","1",11.6
"69","LeSean McCoy","1",11.5
"70","Brandon Marshall","1",11.1
"71","Giovani Bernard","1",11
"72","Malcom Floyd","1",11
"73","Carlos Hyde","1",11
"74","Terrance Williams","1",11
"75","Rod Streater","1",10.6
"76","Kendall Wright","1",10.6
"77","Tom Brady","1",10.3
"78","Arian Foster","1",10
"79","Rob Gronkowski","1",10
"80","Percy Harvin","1",10
"81","Terrance West","1",10
"82","Anquan Boldin","1",9.9
"83","Devin Hester","1",9.9
"84","Brian Quick","1",9.9
"85","Ricardo Lockette","1",9.8
"86","Reggie Wayne","1",9.8
"87","Alex Smith","1",9.7
"88","Golden Tate","1",9.7
"89","Delanie Walker","1",9.7
"90","Markus Wheaton","1",9.7
"91","Julio Jones","1",9.6
"92","Hakeem Nicks","1",9.6
"93","Jacquizz Rodgers","1",9.5
"94","James Jones","1",9.4
"95","Andre Johnson","1",9.3
"96","Adrian Peterson","1",9.3
"97","Tony Romo","1",9.2
"98","Alfred Morris","1",9.1
"99","Travis Benjamin","1",9
"100","Marques Colston","1",9
"101","John Brown","1",8.9
"102","Anthony Fasano","1",8.9
"103","Robert Griffin","1",8.9
"104","Pierre Thomas","1",8.9
"105","Khiry Robinson","1",8.8
"106","Emmanuel Sanders","1",8.8
"107","Andrew Hawkins","1",8.7
"108","Stepfan Taylor","1",8.6
"109","Ahmad Bradshaw","1",8.5
"110","Donnie Avery","1",8.4
"111","Jordy Nelson","1",8.3
"112","Dennis Pitta","1",8.3
"113","Jimmy Graham","1",8.2
"114","Antonio Gates","1",8.1
"115","Chris Owusu","1",8
"116","Levine Toilolo","1",7.9
"117","Robert Woods","1",7.8
"118","Pierre Garcon","1",7.7
"119","Kyle Rudolph","1",7.6
"120","Derrick Coleman","1",7.5
"121","Eric Decker","1",7.4
"122","Fred Jackson","1",7.4
"123","DeAngelo Williams","1",7.2
"124","Shonn Greene","1",7.1
"125","Alshon Jeffery","1",7.1
"126","Harry Douglas","1",6.9
"127","LeGarrette Blount","1",6.6
"128","Frank Gore","1",6.6
"129","Niles Paul","1",6.6
"130","Dwayne Harris","1",6.5
"131","Eli Manning","1",6.5
"132","Reggie Bush","1",6.4
"133","Justin Hunter","1",6.3
"134","John Kuhn","1",6.2
"135","Marqise Lee","1",6.2
"136","Darrel Young","1",6.2
"137","Roy Helu","1",6.1
"138","Anthony Dixon","1",6
"139","Andre Ellington","1",6
"140","Bobby Rainey","1",6
"141","Mohamed Sanu","1",6
"142","Nate Washington","1",5.9
"143","Austin Davis","1",5.7
"144","Toby Gerhart","1",5.7
"145","Jared Cook","1",5.6
"146","Dez Bryant","1",5.5
"147","Jorvorskie Lane","1",5.4
"148","DeSean Jackson","1",5.3
"149","Steven Jackson","1",5.2
"150","Benny Cunningham","1",5.1
"151","Trent Richardson","1",5.1
"152","Zac Stacy","1",5.1
"153","Jeff Cumberland","1",5
"154","Torrey Smith","1",5
"155","Travis Kelce","1",4.9
"156","Jonathan Dwyer","1",4.8
"157","James Starks","1",4.8
"158","Demaryius Thomas","1",4.8
"159","Jordan Cameron","1",4.7
"160","Joseph Fauria","1",4.6
"161","Dexter McCluster","1",4.6
"162","Andrew Quarless","1",4.6
"163","Eddie Lacy","1",4.5
"164","Cole Beasley","1",4.2
"165","Larry Fitzgerald","1",4.2
"166","Zach Miller","1",4.2
"167","T.Y. Hilton","1",4.1
"168","Brandon Myers","1",4.1
"169","Ben Tate","1",4.1
"170","Tavon Austin","1",3.9
"171","Justin Brown","1",3.8
"172","Jeremy Kerley","1",3.8
"173","Keenan Allen","1",3.7
"174","Tyler Eifert","1",3.7
"175","Mike Evans","1",3.7
"176","Jordan Matthews","1",3.7
"177","David Nelson","1",3.7
"178","Jonathan Stewart","1",3.7
"179","Kenbrell Thompkins","1",3.7
"180","Mike Brown","1",3.6
"181","Vincent Jackson","1",3.6
"182","Mike Williams","1",3.6
"183","Marcedes Lewis","1",3.5
"184","Jamaal Charles","1",3.4
"185","Owen Daniels","1",3.4
"186","Chris Givens","1",3.4
"187","Leon Washington","1",3.4
"188","Devonta Freeman","1",3.3
"189","Steve Johnson","1",3.3
"190","Jerricho Cotchery","1",3.2
"191","Mychal Rivera","1",3.1
"192","Sammy Watkins","1",3.1
"193","Kamar Aiken","1",3
"194","Jim Dray","1",3
"195","Riley Cooper","1",2.9
"196","Ted Ginn","1",2.9
"197","Stevan Ridley","1",2.8
"198","C.J. Anderson","1",2.7
"199","Charles Clay","1",2.7
"200","Robert Turbin","1",2.7
"201","Brian Hartline","1",2.6
"202","Heath Miller","1",2.6
"203","Austin Seferian-Jenkins","1",2.6
"204","Antwon Blake","1",2.5
"205","Michael Crabtree","1",2.5
"206","Bishop Sankey","1",2.5
"207","Jarius Wright","1",2.5
"208","Victor Cruz","1",2.4
"209","Ladarius Green","1",2.4
"210","Taylor Thompson","1",2.4
"211","Jerrel Jernigan","1",2.3
"212","Maurice Jones-Drew","1",2.3
"213","Rhett Ellison","1",2.2
"214","Frankie Hammond","1",2.2
"215","Andre Roberts","1",2.2
"216","Lance Dunbar","1",2.1
"217","Coby Fleener","1",2.1
"218","Santonio Holmes","1",2.1
"219","Darren McFadden","1",2.1
"220","Miles Austin","1",2
"221","John Carlson","1",2
"222","Jeremy Hill","1",1.9
"223","Eddie Royal","1",1.9
"224","Brandon Tate","1",1.9
"225","Devin Street","1",1.8
"226","Mike Tolbert","1",1.7
"227","Danny Amendola","1",1.6
"228","Andre Caldwell","1",1.6
"229","Jermaine Gresham","1",1.6
"230","Rob Housler","1",1.6
"231","Jacoby Jones","1",1.6
"232","Doug Martin","1",1.6
"233","Matt Asiata","1",1.5
"234","Brent Celek","1",1.5
"235","Tim Wright","1",1.5
"236","Doug Baldwin","1",1.4
"237","Jason Witten","1",1.4
"238","Gary Barnidge","1",1.3
"239","Taylor Gabriel","1",1.3
"240","Brandon Bolden","1",1.2
"241","Lance Kendricks","1",1.2
"242","Brian Leonhardt","1",1.2
"243","Jeff Maehl","1",1.2
"244","Dante Rosario","1",1.2
"245","Greg Salas","1",1.2
"246","Shaun Hill","1",1.1
"247","Denard Robinson","1",1.1
"248","Jordan Todman","1",1.1
"249","Danny Woodhead","1",1.1
"250","Robert Golden","1",1
"251","Brandon Gibson","1",0.9
"252","Derek Hagan","1",0.9
"253","Donte Moncrief","1",0.9
"254","Josh Morgan","1",0.9
"255","Brandon Pettigrew","1",0.9
"256","Dion Sims","1",0.9
"257","Andre Williams","1",0.9
"258","Virgil Green","1",0.8
"259","Jermaine Kearse","1",0.8
"260","Denarius Moore","1",0.8
"261","Micheal Spurlock","1",0.8
"262","Luke Stocker","1",0.8
"263","Jace Amaro","1",0.7
"264","Daniel Fells","1",0.7
"265","DuJuan Harris","1",0.7
"266","Gator Hoskins","1",0.7
"267","Robert Hughes","1",0.7
"268","Jaron Brown","1",0.6
"269","Knile Davis","1",0.6
"270","Ryan Griffin","1",0.6
"271","Travaris Cadet","1",0.5
"272","Cyrus Gray","1",0.5
"273","Dri Archer","1",0.4
"274","Ka'Deem Carey","1",0.4
"275","Cory Harkey","1",0.4
"276","Bilal Powell","1",0.4
"277","Jordan Reed","1",0.4
"278","Theo Riddick","1",0.4
"279","Anthony Sherman","1",0.4
"280","Frank Summers","1",0.4
"281","Ray Agnew","1",0.2
"282","Jonathan Grimes","1",0.2
"283","Gabe Jackson","1",0.1
"284","Damaris Johnson","1",0.1
"285","Jerick McKinnon","1",0.1
"286","Rueben Randle","1",0.1
"287","Marcel Reece","1",0.1
"288","Luke Willson","1",0.1
"289","Isaiah Burse","1",NA
"290","Scott Wells","1",NA
"291","Bernard Pierce","1",-0.3
"292","Earl Thomas","1",-2
"293","Isa Abdul-Quddus","1",NA
"294","Husain Abdullah","1",NA
"295","John Abraham","1",NA
"296","Sam Acho","1",NA
"297","Davante Adams","1",NA
"298","Mike Adams","1",NA
"299","Mike Adams","1",NA
"300","Phillip Adams","1",NA
"301","Aaron Rodgers","2",28.6
"302","Antonio Gates","2",27.6
"303","Jordy Nelson","2",26.9
"304","Jay Cutler","2",25.5
"305","Philip Rivers","2",25.1
"306","Jimmy Graham","2",23.8
"307","Darren Sproles","2",23.8
"308","Giovani Bernard","2",22.9
"309","Brandon Marshall","2",22.8
"310","Knile Davis","2",22.5
"311","Ahmad Bradshaw","2",21.6
"312","Peyton Manning","2",21.6
"313","DeMarco Murray","2",21.3
"314","Arian Foster","2",21
"315","Alfred Morris","2",20.5
"316","Delanie Walker","2",20.2
"317","Cam Newton","2",19.1
"318","Andrew Luck","2",18.9
"319","Randall Cobb","2",18.5
"320","Kirk Cousins","2",17.9
"321","Russell Wilson","2",17.9
"322","Josh McCown","2",17.8
"323","Sammy Watkins","2",17.7
"324","Geno Smith","2",17.6
"325","Nick Foles","2",17.4
"326","Bobby Rainey","2",17.4
"327","Mark Ingram","2",16.4
"328","Mohamed Sanu","2",16.4
"329","Dez Bryant","2",16.3
"330","Derek Carr","2",16.3
"331","LeSean McCoy","2",16.2
"332","Stevan Ridley","2",16.1
"333","Niles Paul","2",15.9
"334","Drew Brees","2",15.8
"335","Jeremy Hill","2",15.6
"336","Eli Manning","2",15.6
"337","James Jones","2",15.2
"338","Julian Edelman","2",15
"339","Terrance West","2",15
"340","Joe Flacco","2",14.9
"341","Owen Daniels","2",14.8
"342","Julio Jones","2",14.8
"343","Andy Dalton","2",14.7
"344","Matt Asiata","2",14.4
"345","Alex Smith","2",14.4
"346","Matthew Stafford","2",14.4
"347","Michael Crabtree","2",14.2
"348","Ryan Fitzpatrick","2",13.6
"349","Frank Gore","2",13.5
"350","Marcedes Lewis","2",13.1
"351","Darren McFadden","2",12.8
"352","EJ Manuel","2",12.7
"353","Ryan Tannehill","2",12.7
"354","Eric Decker","2",12.3
"355","Colin Kaepernick","2",12.3
"356","Marshawn Lynch","2",12.3
"357","Brian Hoyer","2",12.2
"358","Demaryius Thomas","2",12.2
"359","Jonathan Stewart","2",11.9
"360","Mike Wallace","2",11.6
"361","Jason Avant","2",11.4
"362","Chad Henne","2",11.4
"363","Jonathan Dwyer","2",11.1
"364","Zac Stacy","2",11.1
"365","Tony Romo","2",11
"366","Le'Veon Bell","2",10.7
"367","Chris Ivory","2",10.7
"368","Emmanuel Sanders","2",10.6
"369","Jeremy Maclin","2",10.5
"370","Miles Austin","2",10.4
"371","Jake Locker","2",10.3
"372","Bernard Pierce","2",10.3
"373","Robert Turbin","2",10.2
"374","Andre Ellington","2",10.1
"375","Silas Redd","2",10.1
"376","Tom Brady","2",10
"377","Antonio Brown","2",10
"378","Matt Ryan","2",10
"379","Rueben Randle","2",9.9
"380","Julius Thomas","2",9.9
"381","Martellus Bennett","2",9.7
"382","Austin Davis","2",9.4
"383","Percy Harvin","2",9
"384","Montee Ball","2",8.9
"385","Rashad Jennings","2",8.9
"386","Darrel Young","2",8.7
"387","Zach Ertz","2",8.6
"388","Calvin Johnson","2",8.3
"389","DeAndre Hopkins","2",8.2
"390","Larry Donnell","2",8.1
"391","Travis Kelce","2",8.1
"392","C.J. Spiller","2",7.8
"393","Joique Bell","2",7.7
"394","Andre Roberts","2",7.6
"395","Trent Richardson","2",7.5
"396","Allen Robinson","2",7.5
"397","Andre Johnson","2",7.4
"398","Brian Quick","2",7.4
"399","Jack Doyle","2",7.2
"400","Justin Forsett","2",7.2
"401","Greg Olsen","2",7.2
"402","Steve Smith","2",7.1
"403","Andrew Hawkins","2",7
"404","Eddie Royal","2",6.9
"405","Ben Roethlisberger","2",6.7
"406","Jerricho Cotchery","2",6.6
"407","T.Y. Hilton","2",6.5
"408","Drew Stanton","2",6.5
"409","Jacob Tamme","2",6.4
"410","Jed Collins","2",6.3
"411","Daniel Fells","2",6.1
"412","Jermaine Kearse","2",6.1
"413","Eddie Lacy","2",6.1
"414","J.J. Watt","2",6.1
"415","Victor Cruz","2",6
"416","Markus Wheaton","2",6
"417","Danny Woodhead","2",6
"418","Jeremy Kerley","2",5.9
"419","Matt Cassel","2",5.7
"420","Isaiah Crowell","2",5.7
"421","Ryan Grant","2",5.7
"422","Ryan Mathews","2",5.7
"423","Golden Tate","2",5.7
"424","Cordarrelle Patterson","2",5.6
"425","Keenan Allen","2",5.5
"426","Steven Jackson","2",5.3
"427","Lamar Miller","2",5.3
"428","Kyle Rudolph","2",5.3
"429","Larry Fitzgerald","2",5.1
"430","Fred Jackson","2",5.1
"431","Vincent Jackson","2",5.1
"432","Davante Adams","2",5
"433","Brandon Tate","2",5
"434","Mike Evans","2",4.9
"435","Brandin Cooks","2",4.8
"436","Bilal Powell","2",4.8
"437","Alshon Jeffery","2",4.7
"438","Kelvin Benjamin","2",4.6
"439","Jared Cook","2",4.6
"440","Austin Pettis","2",4.6
"441","Andre Holmes","2",4.5
"442","John Carlson","2",4.3
"443","Dane Sanzenbacher","2",4.2
"444","Roddy White","2",4.2
"445","Gary Barnidge","2",4.1
"446","Derek Carrier","2",4.1
"447","Alfred Blue","2",4
"448","Dwayne Bowe","2",4
"449","Shonn Greene","2",4
"450","Shane Vereen","2",4
"451","Vernon Davis","2",3.9
"452","Anthony Fasano","2",3.9
"453","Dexter McCluster","2",3.9
"454","Harry Douglas","2",3.8
"455","Eric Ebron","2",3.8
"456","Robert Griffin","2",3.7
"457","Robert Meachem","2",3.7
"458","Matt Forte","2",3.6
"459","Brian Hartline","2",3.6
"460","Roy Helu","2",3.6
"461","Doug Baldwin","2",3.5
"462","Anquan Boldin","2",3.4
"463","Tommy Bohanon","2",3.3
"464","Brandon Myers","2",3.3
"465","Reggie Bush","2",3.2
"466","Rob Gronkowski","2",3.2
"467","Pierre Thomas","2",3.2
"468","Jason Witten","2",3.2
"469","C.J. Anderson","2",3.1
"470","Donald Brown","2",3.1
"471","Charles Clay","2",3.1
"472","Orleans Darkwa","2",3.1
"473","Kendall Wright","2",3.1
"474","John Brown","2",3
"475","Dennis Pitta","2",3
"476","Kenny Britt","2",2.9
"477","Jarvis Landry","2",2.9
"478","Denarius Moore","2",2.9
"479","Preston Parker","2",2.9
"480","Mike Tolbert","2",2.8
"481","Reggie Wayne","2",2.8
"482","Scott Chandler","2",2.7
"483","Lance Dunbar","2",2.7
"484","Brandon Gibson","2",2.7
"485","Garrett Graham","2",2.6
"486","Justin Hunter","2",2.6
"487","Steve Johnson","2",2.6
"488","Joseph Randle","2",2.6
"489","Jermaine Gresham","2",2.5
"490","Derek Hagan","2",2.5
"491","Lance Kendricks","2",2.5
"492","Kenny Stills","2",2.5
"493","Rhett Ellison","2",2.4
"494","Jacquizz Rodgers","2",2.3
"495","Devonta Freeman","2",2.2
"496","Zach Miller","2",2.2
"497","Tavon Austin","2",2.1
"498","Junior Hemingway","2",2.1
"499","Chris Johnson","2",2.1
"500","Joseph Fauria","2",2
"501","Santonio Holmes","2",2
"502","Terrance Williams","2",2
"503","Benny Cunningham","2",1.9
"504","Michael Floyd","2",1.9
"505","DeSean Jackson","2",1.9
"506","Antone Smith","2",1.9
"507","Andre Williams","2",1.9
"508","Damien Williams","2",1.9
"509","James Develin","2",1.7
"510","Toby Gerhart","2",1.7
"511","Jordan Matthews","2",1.7
"512","Bryan Walters","2",1.7
"513","A.J. Jenkins","2",1.6
"514","Donte Moncrief","2",1.6
"515","Troy Niklas","2",1.6
"516","Chris Givens","2",1.5
"517","Jerrel Jernigan","2",1.5
"518","Heath Miller","2",1.5
"519","Donnie Avery","2",1.4
"520","Jeff Cumberland","2",1.4
"521","Chris Gragg","2",1.4
"522","Denard Robinson","2",1.4
"523","Aaron Dobson","2",1.3
"524","Coby Fleener","2",1.3
"525","Taylor Gabriel","2",1.3
"526","Robert Herron","2",1.3
"527","Allen Hurns","2",1.3
"528","Levine Toilolo","2",1.3
"529","Jamaal Charles","2",1.2
"530","Pierre Garcon","2",1.2
"531","Jerick McKinnon","2",1.2
"532","Philly Brown","2",1.1
"533","DuJuan Harris","2",1.1
"534","Marqise Lee","2",1.1
"535","Marcel Reece","2",1.1
"536","Mychal Rivera","2",1.1
"537","Khiry Robinson","2",1.1
"538","Cole Beasley","2",1
"539","Demetrius Harris","2",1
"540","Austin Johnson","2",1
"541","Torrey Smith","2",1
"542","Jonathan Grimes","2",0.9
"543","Vance McDonald","2",0.9
"544","Dante Rosario","2",0.9
"545","Brenton Bersin","2",0.8
"546","LeGarrette Blount","2",0.8
"547","Riley Cooper","2",0.8
"548","Cyrus Gray","2",0.8
"549","Cory Harkey","2",0.8
"550","John Kuhn","2",0.8
"551","Andrew Quarless","2",0.8
"552","Mike James","2",0.7
"553","Frank Summers","2",0.7
"554","Jarius Wright","2",0.7
"555","Jace Amaro","2",0.6
"556","Travis Benjamin","2",0.6
"557","Jarrett Boykin","2",0.6
"558","Michael Hoomanawanui","2",0.6
"559","Jacoby Jones","2",0.6
"560","Latavius Murray","2",0.6
"561","David Nelson","2",0.6
"562","Aldrick Robinson","2",0.6
"563","Rod Streater","2",0.6
"564","Jim Dray","2",0.5
"565","Gavin Escobar","2",0.5
"566","Carlos Hyde","2",0.5
"567","Robert Woods","2",0.5
"568","Marquise Goodwin","2",0.4
"569","Greg Jennings","2",0.4
"570","Damaris Johnson","2",0.4
"571","Rishard Matthews","2",0.4
"572","Knowshon Moreno","2",0.4
"573","Ben Watson","2",0.4
"574","Anthony Dixon","2",0.3
"575","Jorvorskie Lane","2",0.3
"576","Jeremy Ross","2",0.3
"577","Bishop Sankey","2",0.3
"578","Mike Williams","2",0.3
"579","Ronnie Brown","2",0.2
"580","Devin Hester","2",0.2
"581","Robert Hughes","2",0.2
"582","Ricardo Lockette","2",0.2
"583","Nate Washington","2",0.1
"584","Bruce Ellington","2",NA
"585","Corey Linsley","2",NA
"586","Solomon Patton","2",NA
"587","Jalen Saunders","2",NA
"588","Justin Brown","2",-1.4
"589","Quintin Demps","2",-2
"590","Isa Abdul-Quddus","2",NA
"591","Husain Abdullah","2",NA
"592","Oday Aboushi","2",NA
"593","Emmanuel Acho","2",NA
"594","Sam Acho","2",NA
"595","Mike Adams","2",NA
"596","Mike Adams","2",NA
"597","Phillip Adams","2",NA
"598","Mario Addison","2",NA
"599","Ray Agnew","2",NA
"600","Danny Aiken","2",NA
"601","Andrew Luck","3",32.3
"602","Julio Jones","3",28.1
"603","Kirk Cousins","3",27.6
"604","Nick Foles","3",26.2
"605","Marshawn Lynch","3",24.8
"606","Rashad Jennings","3",23.6
"607","Matt Ryan","3",23.6
"608","Russell Wilson","3",22
"609","Jeremy Maclin","3",21.4
"610","Alex Smith","3",21.1
"611","Antonio Brown","3",21
"612","Austin Davis","3",21
"613","Peyton Manning","3",20
"614","Pierre Garcon","3",19.8
"615","Kelvin Benjamin","3",19.5
"616","Drew Brees","3",19.5
"617","Drew Stanton","3",19.4
"618","Colin Kaepernick","3",19.2
"619","Philip Rivers","3",19.1
"620","Ryan Fitzpatrick","3",19
"621","Joe McKnight","3",18.7
"622","Jordan Matthews","3",17.9
"623","LeGarrette Blount","3",17.8
"624","DeSean Jackson","3",17.7
"625","Martellus Bennett","3",17.4
"626","Giovani Bernard","3",17.4
"627","Eli Manning","3",17.3
"628","John Brown","3",17.2
"629","Knile Davis","3",17.2
"630","Fred Jackson","3",17.2
"631","DeMarco Murray","3",17.1
"632","Victor Cruz","3",16.7
"633","Jay Cutler","3",16.4
"634","Eddie Royal","3",16.2
"635","Tony Romo","3",16.1
"636","Blake Bortles","3",15.9
"637","Reggie Bush","3",15.9
"638","EJ Manuel","3",15.9
"639","Ben Roethlisberger","3",15.9
"640","Le'Veon Bell","3",15.7
"641","Brian Hoyer","3",15.4
"642","Lorenzo Taliaferro","3",15.1
"643","Dez Bryant","3",14.9
"644","Emmanuel Sanders","3",14.9
"645","Geno Smith","3",14.6
"646","Michael Crabtree","3",14.4
"647","Ahmad Bradshaw","3",14.3
"648","Jeremy Kerley","3",14.1
"649","Lamar Miller","3",13.2
"650","Ryan Tannehill","3",13.1
"651","Andy Dalton","3",12.9
"652","Greg Olsen","3",12.9
"653","Tom Brady","3",12.7
"654","Cam Newton","3",12.7
"655","Allen Hurns","3",12.3
"656","Brian Quick","3",12.2
"657","Zac Stacy","3",12.1
"658","Alshon Jeffery","3",11.8
"659","Roy Helu","3",11.6
"660","DeAndre Hopkins","3",11.6
"661","Damaris Johnson","3",11.6
"662","Isaiah Crowell","3",11.5
"663","Michael Floyd","3",11.4
"664","Steven Jackson","3",11.4
"665","Kyle Juszczyk","3",11.4
"666","Joe Flacco","3",11.3
"667","Miles Austin","3",11.1
"668","Pierre Thomas","3",11.1
"669","Hakeem Nicks","3",11
"670","Coby Fleener","3",10.9
"671","Josh Hill","3",10.8
"672","Mike Glennon","3",10.7
"673","Devin Hester","3",10.5
"674","Aaron Rodgers","3",10.5
"675","Rob Gronkowski","3",10.4
"676","Dwayne Allen","3",10.3
"677","Steve Johnson","3",10.3
"678","Andrew Quarless","3",10.3
"679","A.J. Green","3",10.2
"680","Steve Smith","3",10.1
"681","Terrance West","3",10.1
"682","Jeremy Hill","3",9.9
"683","Ricardo Lockette","3",9.9
"684","Malcom Floyd","3",9.8
"685","Chris Ivory","3",9.6
"686","Travis Kelce","3",9.6
"687","Cecil Shorts","3",9.5
"688","Shonn Greene","3",9.3
"689","Derek Anderson","3",9.2
"690","Terrance Williams","3",9.2
"691","Mohamed Sanu","3",9.1
"692","Antone Smith","3",9
"693","Donald Brown","3",8.9
"694","Julian Edelman","3",8.9
"695","Lance Kendricks","3",8.9
"696","Alfred Blue","3",8.8
"697","Austin Pettis","3",8.8
"698","Teddy Bridgewater","3",8.7
"699","Andrew Hawkins","3",8.7
"700","Mike Wallace","3",8.6
"701","Marques Colston","3",8.5
"702","Brian Hartline","3",8.5
"703","Jake Locker","3",8.4
"704","Daniel Fells","3",8.2
"705","Calvin Johnson","3",8.2
"706","Jacob Tamme","3",8.2
"707","T.Y. Hilton","3",8
"708","Trent Richardson","3",8
"709","Taylor Gabriel","3",7.9
"710","Allen Robinson","3",7.9
"711","Cyrus Gray","3",7.8
"712","Alfred Morris","3",7.7
"713","Julius Thomas","3",7.7
"714","Matt Forte","3",7.6
"715","Jared Cook","3",7.5
"716","Andre Ellington","3",7.5
"717","Vincent Jackson","3",7.5
"718","Scott Chandler","3",7.4
"719","Brandin Cooks","3",7.4
"720","Harry Douglas","3",7.4
"721","Matt Asiata","3",7.1
"722","Kenny Britt","3",7.1
"723","Carlos Hyde","3",7.1
"724","Greg Jennings","3",7
"725","Bishop Sankey","3",7
"726","Khiry Robinson","3",6.9
"727","Eric Weems","3",6.9
"728","Niles Paul","3",6.8
"729","Justin Forsett","3",6.5
"730","Darren McFadden","3",6.5
"731","Bobby Rainey","3",6.5
"732","Darrel Young","3",6.5
"733","Ladarius Green","3",6.4
"734","Toby Gerhart","3",6.3
"735","Donte Moncrief","3",6.2
"736","C.J. Spiller","3",6.2
"737","Reggie Wayne","3",6.2
"738","Stevan Ridley","3",6.1
"739","Wes Welker","3",6
"740","Jordy Nelson","3",5.9
"741","Doug Baldwin","3",5.6
"742","Greg Salas","3",5.6
"743","Jace Amaro","3",5.4
"744","Jimmy Graham","3",5.4
"745","Cordarrelle Patterson","3",5.4
"746","Delanie Walker","3",5.4
"747","Dwayne Bowe","3",5.2
"748","Mike Evans","3",5.2
"749","Corey Fuller","3",5.2
"750","Heath Miller","3",5.1
"751","Golden Tate","3",5.1
"752","Demaryius Thomas","3",5.1
"753","Derek Carr","3",5
"754","Jonathan Stewart","3",5
"755","Jason Witten","3",4.9
"756","Philly Brown","3",4.6
"757","Brandon LaFell","3",4.6
"758","Matthew Stafford","3",4.6
"759","Kendall Wright","3",4.4
"760","James Jones","3",4.3
"761","Percy Harvin","3",4.2
"762","Travis Benjamin","3",4.1
"763","Garrett Graham","3",4.1
"764","Andre Roberts","3",3.8
"765","James Starks","3",3.8
"766","Kenny Stills","3",3.8
"767","Justin Hunter","3",3.7
"768","Shane Vereen","3",3.7
"769","Anquan Boldin","3",3.6
"770","Jonathan Grimes","3",3.6
"771","Daniel Thomas","3",3.6
"772","Patrick DiMarco","3",3.5
"773","Markus Wheaton","3",3.5
"774","Riley Cooper","3",3.4
"775","Benny Cunningham","3",3.4
"776","Chris Johnson","3",3.4
"777","Joique Bell","3",3.3
"778","John Carlson","3",3.3
"779","Brandon Myers","3",3.3
"780","Preston Parker","3",3.3
"781","Denard Robinson","3",3.3
"782","Rod Streater","3",3.2
"783","Darren Sproles","3",3
"784","Brenton Bersin","3",2.9
"785","Randall Cobb","3",2.9
"786","Andre Holmes","3",2.9
"787","Jermaine Kearse","3",2.9
"788","Rueben Randle","3",2.7
"789","Kyle Rudolph","3",2.7
"790","Matt Cassel","3",2.6
"791","Marcel Reece","3",2.6
"792","Craig Stevens","3",2.6
"793","Will Ta'ufo'ou","3",2.6
"794","Larry Donnell","3",2.5
"795","Eddie Lacy","3",2.5
"796","Torrey Smith","3",2.5
"797","Montee Ball","3",2.4
"798","Andre Johnson","3",2.4
"799","Jarvis Landry","3",2.4
"800","Mike Tolbert","3",2.4
"801","Trey Watts","3",2.4
"802","Jordan Cameron","3",2.3
"803","Derek Carrier","3",2.3
"804","Anthony Fasano","3",2.3
"805","Robert Meachem","3",2.3
"806","Denarius Moore","3",2.3
"807","LeSean McCoy","3",2.2
"808","Bryan Walters","3",2.2
"809","Charles Clay","3",2.1
"810","Tim Wright","3",2
"811","James Casey","3",1.9
"812","Eric Decker","3",1.9
"813","Bilal Powell","3",1.9
"814","Sammy Watkins","3",1.9
"815","Robert Woods","3",1.9
"816","Jeff Cumberland","3",1.8
"817","Junior Hemingway","3",1.8
"818","Andre Williams","3",1.8
"819","Keenan Allen","3",1.7
"820","Brandon Tate","3",1.7
"821","Ted Ginn","3",1.6
"822","Keshawn Martin","3",1.6
"823","Theo Riddick","3",1.6
"824","Kenbrell Thompkins","3",1.6
"825","Marlon Brown","3",1.5
"826","Jeff Maehl","3",1.5
"827","Dexter McCluster","3",1.5
"828","David Nelson","3",1.5
"829","Cedric Peerman","3",1.5
"830","Jeremy Ross","3",1.5
"831","Luke Stocker","3",1.5
"832","Zach Sudfeld","3",1.5
"833","Derrick Coleman","3",1.4
"834","Zach Ertz","3",1.4
"835","Larry Fitzgerald","3",1.4
"836","Chad Henne","3",1.3
"837","Rishard Matthews","3",1.3
"838","Jason Avant","3",1.2
"839","Donnie Avery","3",1.2
"840","Zach Miller","3",1.2
"841","Dennis Pitta","3",1.2
"842","Davante Adams","3",1.1
"843","Jarrett Boykin","3",1.1
"844","Branden Oliver","3",1.1
"845","Mychal Rivera","3",1.1
"846","Courtney Roby","3",1.1
"847","Mike Williams","3",1.1
"848","Justin Brown","3",1
"849","Jack Doyle","3",1
"850","Frank Gore","3",1
"851","Virgil Green","3",1
"852","Jordan Todman","3",1
"853","Ben Watson","3",1
"854","Cole Beasley","3",0.9
"855","Travaris Cadet","3",0.9
"856","Ronnie Hillman","3",0.9
"857","Santonio Holmes","3",0.9
"858","Joseph Randle","3",0.9
"859","Jacquizz Rodgers","3",0.9
"860","Owen Daniels","3",0.8
"861","Antonio Gates","3",0.8
"862","Marcel Jensen","3",0.8
"863","Jerick McKinnon","3",0.8
"864","Dante Rosario","3",0.8
"865","Ronnie Brown","3",0.7
"866","Gavin Escobar","3",0.7
"867","Matt Hasselbeck","3",0.7
"868","Brian Leonhardt","3",0.7
"869","Logan Paulsen","3",0.7
"870","Paul Richardson","3",0.7
"871","Ryan Hewitt","3",0.6
"872","Brandon Marshall","3",0.6
"873","T.J. Yates","3",0.6
"874","Jackie Battle","3",0.5
"875","Chris Givens","3",0.5
"876","Jermaine Gresham","3",0.5
"877","Robert Herron","3",0.5
"878","Brandon Lloyd","3",0.5
"879","Anthony Sherman","3",0.5
"880","Levine Toilolo","3",0.5
"881","Robert Turbin","3",0.5
"882","Brandon Bolden","3",0.4
"883","Shane Lechler","3",0.4
"884","Jamize Olawale","3",0.4
"885","Frank Summers","3",0.4
"886","Joseph Fauria","3",0.3
"887","Brandon Gibson","3",0.3
"888","Josh McCown","3",0.3
"889","Michael Vick","3",0.3
"890","Jed Collins","3",0.2
"891","DuJuan Harris","3",0.2
"892","Austin Johnson","3",0.2
"893","Stepfan Taylor","3",0.2
"894","Bruce Ellington","3",0.1
"895","Dan Herron","3",0.1
"896","Latavius Murray","3",0.1
"897","Danny Woodhead","3",0.1
"898","Zak DeOssie","3",NA
"899","A.J. Jenkins","3",NA
"900","Devonta Freeman","3",-0.1
"901","Eli Manning","4",32.1
"902","Andrew Luck","4",29.6
"903","Aaron Rodgers","4",28.9
"904","Jamaal Charles","4",28.8
"905","Matt Asiata","4",28
"906","DeMarco Murray","4",27.5
"907","Philip Rivers","4",27.1
"908","Matthew Stafford","4",26.5
"909","Steve Smith","4",25.9
"910","Antonio Brown","4",25.8
"911","Joe Flacco","4",25.4
"912","Tony Romo","4",24.5
"913","Teddy Bridgewater","4",23.4
"914","Larry Donnell","4",23.4
"915","Frank Gore","4",23.4
"916","Randall Cobb","4",23.3
"917","Jordy Nelson","4",22.8
"918","Alex Smith","4",22.7
"919","Eddie Royal","4",22.5
"920","Ben Roethlisberger","4",22.4
"921","Ryan Tannehill","4",20.6
"922","Colin Kaepernick","4",20.5
"923","Drew Brees","4",20.2
"924","Matt Ryan","4",20.1
"925","Terrance Williams","4",19.7
"926","Mike Glennon","4",18.1
"927","Brandon LaFell","4",17.9
"928","Reggie Wayne","4",17.9
"929","Jay Cutler","4",17.1
"930","Matt Forte","4",17.1
"931","Lamar Miller","4",16.7
"932","Trent Richardson","4",15.9
"933","Justin Forsett","4",15.7
"934","Travis Kelce","4",15.3
"935","Jerick McKinnon","4",15.2
"936","Alfred Morris","4",15
"937","Heath Miller","4",14.5
"938","Delanie Walker","4",14.4
"939","Mike Williams","4",14.4
"940","Kelvin Benjamin","4",13.6
"941","Keenan Allen","4",13.5
"942","Martellus Bennett","4",13.4
"943","Andre Holmes","4",13.4
"944","EJ Manuel","4",13.3
"945","Roddy White","4",13.3
"946","Jarius Wright","4",13.2
"947","Charlie Whitehurst","4",13.1
"948","Devin Hester","4",13
"949","Blake Bortles","4",12.6
"950","Jimmy Graham","4",12.6
"951","Cam Newton","4",12.6
"952","Andre Williams","4",12.6
"953","Mike Evans","4",12.5
"954","Jeremy Ross","4",12.5
"955","DeAndre Hopkins","4",12.4
"956","Antone Smith","4",12.2
"957","Ryan Fitzpatrick","4",12.1
"958","Chris Johnson","4",12.1
"959","Knile Davis","4",11.9
"960","Eddie Lacy","4",11.9
"961","Lorenzo Taliaferro","4",11.8
"962","Bishop Sankey","4",11.7
"963","Doug Martin","4",11.6
"964","Golden Tate","4",11.6
"965","Torrey Smith","4",11.3
"966","Ahmad Bradshaw","4",11.2
"967","Alshon Jeffery","4",11.1
"968","T.Y. Hilton","4",11
"969","Le'Veon Bell","4",10.9
"970","Victor Cruz","4",10.8
"971","Eric Decker","4",10.8
"972","Khiry Robinson","4",10.5
"973","Dez Bryant","4",10.4
"974","Chris Ivory","4",10
"975","Malcom Floyd","4",9.9
"976","Louis Murphy","4",9.9
"977","Dwayne Allen","4",9.8
"978","Mike Wallace","4",9.5
"979","Eric Ebron","4",9.4
"980","Vincent Jackson","4",9.2
"981","Rob Gronkowski","4",9.1
"982","Sammy Watkins","4",9
"983","Rueben Randle","4",8.9
"984","Geno Smith","4",8.8
"985","Derek Carr","4",8.7
"986","Coby Fleener","4",8.6
"987","Roy Helu","4",8.6
"988","Fred Jackson","4",8.5
"989","C.J. Spiller","4",8.4
"990","James Jones","4",8.3
"991","Julio Jones","4",8.2
"992","Dwayne Bowe","4",8.1
"993","Jerricho Cotchery","4",8
"994","Toby Gerhart","4",8
"995","Andre Roberts","4",8
"996","Brandon Marshall","4",7.9
"997","Dion Sims","4",7.8
"998","Brian Hartline","4",7.4
"999","Ka'Deem Carey","4",7.2
"1000","Josh Hill","4",7.2
"1001","Greg Jennings","4",7.2
"1002","Steve Johnson","4",7.2
"1003","Darren McFadden","4",7.2
"1004","Clay Harbor","4",7
"1005","Daniel Fells","4",6.8
"1006","Jimmy Garoppolo","4",6.8
"1007","Allen Hurns","4",6.8
"1008","Shane Vereen","4",6.7
"1009","Reggie Bush","4",6.5
"1010","Brian Leonhardt","4",6.3
"1011","Anquan Boldin","4",6.2
"1012","Steven Jackson","4",6.2
"1013","Nic Jacobs","4",6.2
"1014","Kenny Stills","4",6.2
"1015","Patrick DiMarco","4",6.1
"1016","Arian Foster","4",6.1
"1017","Jason Witten","4",6.1
"1018","Niles Paul","4",6
"1019","Greg Salas","4",6
"1020","Daniel Thomas","4",6
"1021","Jace Amaro","4",5.8
"1022","Jeremy Maclin","4",5.7
"1023","Branden Oliver","4",5.6
"1024","Kirk Cousins","4",5.5
"1025","Matt McGloin","4",5.5
"1026","Donald Brown","4",5.4
"1027","Rashad Jennings","4",5.2
"1028","Richard Rodgers","4",5.2
"1029","Andre Johnson","4",5.1
"1030","Marques Colston","4",5
"1031","Markus Wheaton","4",5
"1032","Donnie Avery","4",4.6
"1033","Tom Brady","4",4.4
"1034","Austin Seferian-Jenkins","4",4.4
"1035","Michael Crabtree","4",4.3
"1036","Owen Daniels","4",4.3
"1037","Travaris Cadet","4",4
"1038","Joique Bell","4",3.9
"1039","Rhett Ellison","4",3.9
"1040","Nick Foles","4",3.9
"1041","Cordarrelle Patterson","4",3.8
"1042","Allen Robinson","4",3.8
"1043","Darrin Reaves","4",3.7
"1044","Jacquizz Rodgers","4",3.7
"1045","Lance Dunbar","4",3.6
"1046","James White","4",3.6
"1047","Philly Brown","4",3.5
"1048","Kendall Wright","4",3.5
"1049","Riley Cooper","4",3.4
"1050","DeAngelo Williams","4",3.4
"1051","Charles Clay","4",3.2
"1052","Denard Robinson","4",3.2
"1053","Marlon Brown","4",3.1
"1054","Brandin Cooks","4",3.1
"1055","Peyton Hillis","4",3.1
"1056","Brice Butler","4",3
"1057","Antonio Gates","4",3
"1058","Greg Olsen","4",3
"1059","Russell Shepard","4",3
"1060","Preston Parker","4",2.9
"1061","Derek Anderson","4",2.8
"1062","Pierre Garcon","4",2.8
"1063","Garrett Graham","4",2.8
"1064","Brandon Lloyd","4",2.8
"1065","Jordan Matthews","4",2.8
"1066","Stevan Ridley","4",2.8
"1067","Rishard Matthews","4",2.7
"1068","Brandon Gibson","4",2.6
"1069","Carlos Hyde","4",2.6
"1070","LeGarrette Blount","4",2.5
"1071","Alfred Blue","4",2.5
"1072","Cecil Shorts","4",2.5
"1073","Jason Avant","4",2.4
"1074","Dan Herron","4",2.4
"1075","Josh Morgan","4",2.4
"1076","Jay Prosch","4",2.4
"1077","Jordan Todman","4",2.4
"1078","Julian Edelman","4",2.3
"1079","Zach Ertz","4",2.3
"1080","Pierre Thomas","4",2.3
"1081","Damien Williams","4",2.3
"1082","Kamar Aiken","4",2.2
"1083","Vincent Brown","4",2.2
"1084","Joseph Randle","4",2.2
"1085","Ryan Broyles","4",2.1
"1086","Devonta Freeman","4",2
"1087","Nate Washington","4",2
"1088","Solomon Patton","4",1.9
"1089","Brandon Pettigrew","4",1.9
"1090","Davante Adams","4",1.8
"1091","Damaris Johnson","4",1.8
"1092","Jarvis Landry","4",1.8
"1093","Bobby Rainey","4",1.8
"1094","Chase Ford","4",1.7
"1095","Dwayne Harris","4",1.7
"1096","LeSean McCoy","4",1.7
"1097","Robert Woods","4",1.7
"1098","Scott Chandler","4",1.5
"1099","Bruce Ellington","4",1.5
"1100","Adrien Robinson","4",1.5
"1101","David Ausberry","4",1.4
"1102","Cole Beasley","4",1.4
"1103","Donte Moncrief","4",1.4
"1104","Brenton Bersin","4",1.2
"1105","Mike Brown","4",1.2
"1106","Justin Hunter","4",1.2
"1107","Calvin Johnson","4",1.2
"1108","Lance Moore","4",1.2
"1109","Hakeem Nicks","4",1.2
"1110","Levine Toilolo","4",1.2
"1111","Brad Smith","4",1.1
"1112","Derek Carrier","4",1
"1113","Shonn Greene","4",1
"1114","Mychal Rivera","4",1
"1115","Darrel Young","4",1
"1116","DeSean Jackson","4",0.9
"1117","Vernon Davis","4",0.8
"1118","Kyle Juszczyk","4",0.8
"1119","Logan Paulsen","4",0.8
"1120","Jack Doyle","4",0.7
"1121","David Nelson","4",0.7
"1122","Ben Watson","4",0.7
"1123","Gavin Escobar","4",0.6
"1124","Darren Sproles","4",0.6
"1125","Justin Brown","4",0.5
"1126","Marcel Reece","4",0.5
"1127","Jimmy Clausen","4",0.4
"1128","Will Ta'ufo'ou","4",0.4
"1129","Maurice Jones-Drew","4",0.3
"1130","Jeremy Kerley","4",0.3
"1131","Frank Summers","4",0.3
"1132","Orleans Darkwa","4",0.2
"1133","Austin Johnson","4",0.2
"1134","Jorvorskie Lane","4",0.2
"1135","Theo Riddick","4",0.2
"1136","Dri Archer","4",0.1
"1137","Henry Hynoski","4",0.1
"1138","Dexter McCluster","4",0.1
"1139","Christian Ponder","4",0.1
"1140","J.J. Wilcox","4",NA
"1141","Zach Mettenberger","4",-1.3
"1142","Tauren Poole","4",-2
"1143","Stefen Wisniewski","4",-2
"1144","Isa Abdul-Quddus","4",NA
"1145","Husain Abdullah","4",NA
"1146","Oday Aboushi","4",NA
"1147","Emmanuel Acho","4",NA
"1148","Mike Adams","4",NA
"1149","Mike Adams","4",NA
"1150","Phillip Adams","4",NA
"1151","Jahleel Addae","4",NA
"1152","Mario Addison","4",NA
"1153","Danny Aiken","4",NA
"1154","Walt Aikens","4",NA
"1155","Seyi Ajirotutu","4",NA
"1156","Branden Albert","4",NA
"1157","Robert Alford","4",NA
"1158","Antonio Allen","4",NA
"1159","Beau Allen","4",NA
"1160","Cortez Allen","4",NA
"1161","Nate Allen","4",NA
"1162","Ryan Allen","4",NA
"1163","Will Allen","4",NA
"1164","Tyson Alualu","4",NA
"1165","Danny Amendola","4",NA
"1166","David Amerson","4",NA
"1167","Prince Amukamara","4",NA
"1168","James Anderson","4",NA
"1169","Bryan Anger","4",NA
"1170","Ezekiel Ansah","4",NA
"1171","Terron Armstead","4",NA
"1172","Kyle Arrington","4",NA
"1173","Jon Asamoah","4",NA
"1174","Robert Ayers","4",NA
"1175","Jason Babin","4",NA
"1176","Jonathan Babineaux","4",NA
"1177","Allen Bailey","4",NA
"1178","Dan Bailey","4",NA
"1179","Brandon Bair","4",NA
"1180","Chris Baker","4",NA
"1181","David Bakhtiari","4",NA
"1182","Alan Ball","4",NA
"1183","Johnthan Banks","4",NA
"1184","Joe Banyard","4",NA
"1185","Khalif Barnes","4",NA
"1186","T.J. Barnes","4",NA
"1187","Anthony Barr","4",NA
"1188","Sam Barrington","4",NA
"1189","Mark Barron","4",NA
"1190","Joplo Bartu","4",NA
"1191","Connor Barwin","4",NA
"1192","David Bass","4",NA
"1193","Jackie Battle","4",NA
"1194","Kelvin Beachum","4",NA
"1195","Zane Beadles","4",NA
"1196","Will Beatty","4",NA
"1197","Byron Bell","4",NA
"1198","Nick Bellore","4",NA
"1199","Bene Benwikere","4",NA
"1200","Joe Berger","4",NA
"1201","Demaryius Thomas","5",34.6
"1202","Russell Wilson","5",34.2
"1203","Peyton Manning","5",31
"1204","Branden Oliver","5",30.2
"1205","Arian Foster","5",29.2
"1206","Andre Ellington","5",26.4
"1207","Austin Davis","5",26
"1208","Eddie Lacy","5",25.2
"1209","Pierre Thomas","5",23.2
"1210","Jay Cutler","5",21.8
"1211","Brian Hoyer","5",21.8
"1212","Philip Rivers","5",21.8
"1213","DeSean Jackson","5",21.7
"1214","Tom Brady","5",21
"1215","Kendall Wright","5",21
"1216","Andrew Luck","5",20.7
"1217","Brian Quick","5",20.7
"1218","Matt Forte","5",20.6
"1219","Kirk Cousins","5",19.7
"1220","Golden Tate","5",19.4
"1221","Greg Olsen","5",19.2
"1222","Tony Romo","5",19
"1223","Drew Brees","5",18.7
"1224","Julius Thomas","5",18.6
"1225","Aaron Rodgers","5",18.2
"1226","Antonio Gates","5",18
"1227","Andy Dalton","5",17.8
"1228","Marshawn Lynch","5",17.7
"1229","Stevan Ridley","5",17.3
"1230","DeMarco Murray","5",17.2
"1231","Travis Benjamin","5",16.8
"1232","Jake Locker","5",16.6
"1233","Mike Glennon","5",16
"1234","Rob Gronkowski","5",16
"1235","Justin Hunter","5",15.9
"1236","Justin Forsett","5",15.7
"1237","Alshon Jeffery","5",15.7
"1238","Eli Manning","5",15.7
"1239","Khiry Robinson","5",15.7
"1240","Charlie Whitehurst","5",15.7
"1241","Cam Newton","5",15.1
"1242","Matt Ryan","5",14.6
"1243","Dez Bryant","5",14.5
"1244","Antone Smith","5",14.5
"1245","Tim Wright","5",14.5
"1246","Vincent Jackson","5",14.4
"1247","Kyle Orton","5",14.3
"1248","Andre Williams","5",14.3
"1249","Colin Kaepernick","5",13.8
"1250","Nick Foles","5",13.6
"1251","Jeremy Maclin","5",13.6
"1252","Steven Jackson","5",13.4
"1253","Benny Cunningham","5",13.1
"1254","Terrance Williams","5",13.1
"1255","Mohamed Sanu","5",13
"1256","Kenny Britt","5",12.8
"1257","Fred Jackson","5",12.7
"1258","Ben Roethlisberger","5",12.7
"1259","Jordy Nelson","5",12.6
"1260","Christian Ponder","5",12.4
"1261","Ben Tate","5",12.2
"1262","A.J. Green","5",12.1
"1263","Matthew Stafford","5",12
"1264","Dwayne Allen","5",11.9
"1265","Le'Veon Bell","5",11.8
"1266","Emmanuel Sanders","5",10.9
"1267","Frank Gore","5",10.8
"1268","Shane Vereen","5",10.8
"1269","Julio Jones","5",10.5
"1270","Odell Beckham Jr.","5",10.4
"1271","Bobby Rainey","5",10.2
"1272","Taylor Gabriel","5",9.5
"1273","Louis Murphy","5",9.5
"1274","Randall Cobb","5",9.4
"1275","Riley Cooper","5",9.3
"1276","Rueben Randle","5",9.3
"1277","T.Y. Hilton","5",9
"1278","Andre Roberts","5",8.9
"1279","Alex Smith","5",8.9
"1280","Sammy Watkins","5",8.7
"1281","Jim Dray","5",8.5
"1282","Antonio Brown","5",8.4
"1283","Jamaal Charles","5",8.4
"1284","Chris Ogbonnaya","5",8.4
"1285","Devonta Freeman","5",8.2
"1286","Travaris Cadet","5",7.9
"1287","De'Anthony Thomas","5",7.7
"1288","Reggie Wayne","5",7.7
"1289","Brandon Lloyd","5",7.6
"1290","Jermaine Kearse","5",7.5
"1291","Travis Kelce","5",7.5
"1292","Juwan Thompson","5",7.5
"1293","Joe Flacco","5",7.4
"1294","Doug Martin","5",7.4
"1295","Giovani Bernard","5",7.2
"1296","Anquan Boldin","5",7.2
"1297","Malcom Floyd","5",7.2
"1298","Rashad Jennings","5",7.2
"1299","Logan Thomas","5",7.2
"1300","Davante Adams","5",7.1
"1301","Brandin Cooks","5",7.1
"1302","Owen Daniels","5",7
"1303","Robert Herron","5",6.9
"1304","Jeremy Hill","5",6.9
"1305","Steve Johnson","5",6.9
"1306","LeSean McCoy","5",6.6
"1307","Ahmad Bradshaw","5",6.5
"1308","Ronnie Hillman","5",6.4
"1309","Marques Colston","5",6.3
"1310","DeAndre Hopkins","5",6.3
"1311","Ben Watson","5",6.3
"1312","Chris Gragg","5",6.2
"1313","Michael Palmer","5",6.1
"1314","Jason Witten","5",5.9
"1315","Roy Helu","5",5.8
"1316","Andre Johnson","5",5.8
"1317","Zac Stacy","5",5.8
"1318","Wes Welker","5",5.8
"1319","Larry Fitzgerald","5",5.7
"1320","Adam Thielen","5",5.7
"1321","Nate Washington","5",5.7
"1322","Miles Austin","5",5.4
"1323","Josh Hill","5",5.3
"1324","Matt Asiata","5",5.2
"1325","Darrin Reaves","5",5.1
"1326","Allen Robinson","5",5.1
"1327","Darren Sproles","5",5.1
"1328","Doug Baldwin","5",5
"1329","Blake Bortles","5",5
"1330","Junior Hemingway","5",5
"1331","James Starks","5",4.8
"1332","George Winn","5",4.8
"1333","Trent Richardson","5",4.7
"1334","Drew Stanton","5",4.7
"1335","Delanie Walker","5",4.7
"1336","LeGarrette Blount","5",4.6
"1337","Jerricho Cotchery","5",4.6
"1338","Jerick McKinnon","5",4.6
"1339","Heath Miller","5",4.6
"1340","Ryan Fitzpatrick","5",4.5
"1341","Jared Cook","5",4.4
"1342","Chris Ivory","5",4.4
"1343","Brandon Marshall","5",4.4
"1344","Reggie Bush","5",4.3
"1345","Carlos Hyde","5",4.3
"1346","Jason Avant","5",4.2
"1347","Dwayne Bowe","5",4.2
"1348","Preston Parker","5",4.1
"1349","Eddie Royal","5",4
"1350","Zach Ertz","5",3.9
"1351","Torrey Smith","5",3.8
"1352","Robert Woods","5",3.7
"1353","Jimmy Graham","5",3.6
"1354","Shonn Greene","5",3.6
"1355","Cooper Helfet","5",3.6
"1356","Julian Edelman","5",3.5
"1357","Jordan Matthews","5",3.5
"1358","Marquise Goodwin","5",3.4
"1359","Percy Harvin","5",3.4
"1360","Tavon Austin","5",3.3
"1361","Jordan Cameron","5",3.3
"1362","C.J. Spiller","5",3.3
"1363","Michael Vick","5",3.3
"1364","Anthony Fasano","5",3.2
"1365","Chase Ford","5",3.1
"1366","Greg Jennings","5",3.1
"1367","Terrance West","5",3.1
"1368","Donald Brown","5",3
"1369","Coby Fleener","5",3
"1370","Bernard Pierce","5",3
"1371","Toby Gerhart","5",2.9
"1372","Hakeem Nicks","5",2.9
"1373","Austin Pettis","5",2.9
"1374","Luke Willson","5",2.8
"1375","Chris Hogan","5",2.7
"1376","Storm Johnson","5",2.7
"1377","Alfred Morris","5",2.7
"1378","Bishop Sankey","5",2.7
"1379","Jarius Wright","5",2.7
"1380","Justin Brown","5",2.6
"1381","Mike Brown","5",2.6
"1382","Philly Brown","5",2.6
"1383","Andrew Hawkins","5",2.6
"1384","Allen Hurns","5",2.6
"1385","Lance Moore","5",2.6
"1386","Roddy White","5",2.6
"1387","Keenan Allen","5",2.5
"1388","Jeremy Kerley","5",2.4
"1389","Cole Beasley","5",2.3
"1390","Pierre Garcon","5",2.3
"1391","Jordan Todman","5",2.3
"1392","Victor Cruz","5",2.2
"1393","Clay Harbor","5",2.2
"1394","Lance Kendricks","5",2.2
"1395","Brenton Bersin","5",2.1
"1396","Scott Chandler","5",2.1
"1397","Stedman Bailey","5",2
"1398","Brandon LaFell","5",2
"1399","Dante Rosario","5",2
"1400","Jace Amaro","5",1.9
"1401","John Carlson","5",1.9
"1402","Isaiah Crowell","5",1.9
"1403","Shaun Draughn","5",1.9
"1404","Devin Hester","5",1.9
"1405","Andrew Quarless","5",1.9
"1406","Robert Turbin","5",1.9
"1407","Montee Ball","5",1.8
"1408","Kelvin Benjamin","5",1.8
"1409","Jason Campbell","5",1.8
"1410","Chase Coffman","5",1.8
"1411","Lorenzo Taliaferro","5",1.8
"1412","Trey Watts","5",1.8
"1413","Martellus Bennett","5",1.7
"1414","Jacob Tamme","5",1.7
"1415","Markus Wheaton","5",1.7
"1416","Alfred Blue","5",1.6
"1417","Derek Carrier","5",1.6
"1418","Michael Crabtree","5",1.6
"1419","James Develin","5",1.6
"1420","Ed Dickson","5",1.6
"1421","Aaron Dobson","5",1.6
"1422","MarQueis Gray","5",1.6
"1423","Jeff Janis","5",1.6
"1424","Kenny Stills","5",1.6
"1425","Brent Celek","5",1.5
"1426","Jermaine Gresham","5",1.5
"1427","Jacquizz Rodgers","5",1.5
"1428","Steve Smith","5",1.4
"1429","Jeremy Ross","5",1.3
"1430","Ray Agnew","5",1.2
"1431","Jeff Cumberland","5",1.2
"1432","Rhett Ellison","5",1.2
"1433","Will Johnson","5",1.2
"1434","Brandon Pettigrew","5",1.2
"1435","Greg Salas","5",1.2
"1436","Ace Sanders","5",1.2
"1437","Anthony Sherman","5",1.2
"1438","Will Ta'ufo'ou","5",1.2
"1439","Seyi Ajirotutu","5",1.1
"1440","Joe Banyard","5",1.1
"1441","Logan Paulsen","5",1.1
"1442","Austin Seferian-Jenkins","5",1.1
"1443","Dri Archer","5",1
"1444","Dwayne Harris","5",1
"1445","Jacoby Jones","5",1
"1446","Bruce Miller","5",1
"1447","John Kuhn","5",0.9
"1448","David Nelson","5",0.9
"1449","Kamar Aiken","5",0.8
"1450","Eric Ebron","5",0.8
"1451","Ladarius Green","5",0.8
"1452","Ryan Griffin","5",0.8
"1453","Dexter McCluster","5",0.8
"1454","Cordarrelle Patterson","5",0.8
"1455","Mike Williams","5",0.8
"1456","Danny Amendola","5",0.7
"1457","Michael Floyd","5",0.7
"1458","Corey Fuller","5",0.7
"1459","Peyton Hillis","5",0.7
"1460","Calvin Johnson","5",0.7
"1461","Charles Johnson","5",0.7
"1462","Keshawn Martin","5",0.7
"1463","Leon Washington","5",0.7
"1464","Knile Davis","5",0.6
"1465","Santonio Holmes","5",0.6
"1466","Niles Paul","5",0.6
"1467","Bilal Powell","5",0.6
"1468","Stepfan Taylor","5",0.6
"1469","Adrien Robinson","5",0.5
"1470","Denard Robinson","5",0.5
"1471","Jon Ryan","5",0.5
"1472","John Brown","5",0.4
"1473","Josh Huff","5",0.4
"1474","Joseph Randle","5",0.4
"1475","Brandon Bolden","5",0.3
"1476","Craig Dahl","5",0.3
"1477","Garrett Graham","5",0.3
"1478","Ka'Deem Carey","5",0.2
"1479","Austin Johnson","5",0.2
"1480","Chris Johnson","5",0.2
"1481","Bruce Ellington","5",0.1
"1482","A.J. Jenkins","5",0.1
"1483","Frank Summers","5",0.1
"1484","Jamie Collins","5",NA
"1485","Eric Wood","5",NA
"1486","Geno Smith","5",-0.6
"1487","Matt Flynn","5",-1.2
"1488","Dane Sanzenbacher","5",-1.5
"1489","Quintin Demps","5",-2
"1490","Brandon Tate","5",-2
"1491","Griff Whalen","5",-2
"1492","Isa Abdul-Quddus","5",NA
"1493","Husain Abdullah","5",NA
"1494","Oday Aboushi","5",NA
"1495","Emmanuel Acho","5",NA
"1496","Sam Acho","5",NA
"1497","Mike Adams","5",NA
"1498","Mike Adams","5",NA
"1499","Phillip Adams","5",NA
"1500","Jahleel Addae","5",NA
"1501","Cam Newton","6",34.1
"1502","Joe Flacco","6",32.2
"1503","Tom Brady","6",30.7
"1504","T.Y. Hilton","6",30.3
"1505","Colin Kaepernick","6",29.4
"1506","Matt Forte","6",27.7
"1507","Arian Foster","6",26.1
"1508","Aaron Rodgers","6",26
"1509","Philip Rivers","6",25.8
"1510","Derek Carr","6",25.5
"1511","Andrew Luck","6",24.6
"1512","Andre Holmes","6",24.1
"1513","Giovani Bernard","6",21.7
"1514","Brandon LaFell","6",21.7
"1515","Jay Cutler","6",21.6
"1516","Peyton Manning","6",21.5
"1517","DeMarco Murray","6",20.6
"1518","Ben Tate","6",19.8
"1519","Andy Dalton","6",19.4
"1520","Blake Bortles","6",19.2
"1521","Ryan Tannehill","6",18.7
"1522","Mike Glennon","6",18.6
"1523","Branden Oliver","6",18.4
"1524","Demaryius Thomas","6",18.4
"1525","DeSean Jackson","6",18
"1526","Kyle Orton","6",18
"1527","Mohamed Sanu","6",18
"1528","Carson Palmer","6",17.7
"1529","Torrey Smith","6",17.1
"1530","Julius Thomas","6",17.1
"1531","Steve Smith","6",17
"1532","Jordy Nelson","6",16.7
"1533","Malcom Floyd","6",16.3
"1534","Jordan Cameron","6",16.2
"1535","Kirk Cousins","6",16.2
"1536","Tony Romo","6",15.9
"1537","Larry Fitzgerald","6",15.8
"1538","Robert Woods","6",15.8
"1539","Joique Bell","6",15.7
"1540","Anquan Boldin","6",15.4
"1541","LeSean McCoy","6",15.4
"1542","Clay Harbor","6",15.1
"1543","Geno Smith","6",14.7
"1544","Nick Foles","6",14.4
"1545","Theo Riddick","6",14.1
"1546","Brandon Lloyd","6",14
"1547","Andre Johnson","6",13.9
"1548","Alshon Jeffery","6",13.6
"1549","Jarvis Landry","6",13.5
"1550","Lamar Miller","6",13.3
"1551","Chris Hogan","6",13.2
"1552","Louis Murphy","6",13.2
"1553","Antone Smith","6",12.9
"1554","Jace Amaro","6",12.8
"1555","Brian Hoyer","6",12.7
"1556","Matt Ryan","6",12.7
"1557","Mike Wallace","6",12.7
"1558","Brice Butler","6",12.4
"1559","Greg Olsen","6",12.2
"1560","Ahmad Bradshaw","6",11.9
"1561","Randall Cobb","6",11.9
"1562","Ben Roethlisberger","6",11.8
"1563","Isaiah Crowell","6",11.7
"1564","Antonio Brown","6",11.6
"1565","Ronnie Hillman","6",11.6
"1566","James Jones","6",11.6
"1567","Mike Evans","6",11.5
"1568","Matthew Stafford","6",11.5
"1569","Eric Decker","6",11.4
"1570","Austin Davis","6",11.3
"1571","Brandon Marshall","6",11.3
"1572","Fozzy Whittaker","6",11.2
"1573","Justin Forsett","6",11.1
"1574","Ryan Fitzpatrick","6",11
"1575","Kelvin Benjamin","6",10.9
"1576","Michael Crabtree","6",10.9
"1577","Eddie Royal","6",10.9
"1578","Zach Ertz","6",10.7
"1579","Michael Floyd","6",10.7
"1580","Brandon Tate","6",10.7
"1581","Le'Veon Bell","6",10.5
"1582","Scott Chandler","6",10.5
"1583","Fred Jackson","6",10.3
"1584","Brian Tyms","6",10.3
"1585","Russell Wilson","6",10.2
"1586","Julian Edelman","6",10.1
"1587","Trent Richardson","6",10.1
"1588","Darren Sproles","6",9.9
"1589","Jeremy Hill","6",9.5
"1590","Rob Gronkowski","6",9.4
"1591","Charlie Whitehurst","6",9.4
"1592","Benny Cunningham","6",9.3
"1593","Andre Ellington","6",9.3
"1594","Bernard Pierce","6",9.2
"1595","Jordan Reed","6",9.2
"1596","Pierre Garcon","6",9.1
"1597","Michael Campanaro","6",8.8
"1598","Antonio Gates","6",8.7
"1599","James Casey","6",8.6
"1600","Darren McFadden","6",8.6
"1601","Lance Moore","6",8.6
"1602","Jason Witten","6",8.4
"1603","Cecil Shorts","6",8.3
"1604","Lance Kendricks","6",8.2
"1605","Jerick McKinnon","6",8.2
"1606","Kamar Aiken","6",8
"1607","Davante Adams","6",7.7
"1608","Justin Hunter","6",7.7
"1609","Storm Johnson","6",7.7
"1610","Jared Cook","6",7.4
"1611","Martellus Bennett","6",7.2
"1612","Coby Fleener","6",7.1
"1613","Andrew Quarless","6",7.1
"1614","Terrance Williams","6",7
"1615","Julio Jones","6",6.9
"1616","Jermaine Gresham","6",6.8
"1617","Allen Robinson","6",6.8
"1618","Bishop Sankey","6",6.8
"1619","Roy Helu","6",6.6
"1620","Vincent Jackson","6",6.6
"1621","Dez Bryant","6",6.3
"1622","Eli Manning","6",6.3
"1623","Josh Morgan","6",6.3
"1624","Gavin Escobar","6",6.2
"1625","Damaris Johnson","6",6.2
"1626","Jermaine Kearse","6",6.2
"1627","Marshawn Lynch","6",6.2
"1628","Jackie Battle","6",6.1
"1629","Tim Wright","6",6.1
"1630","Ladarius Green","6",6
"1631","Riley Cooper","6",5.9
"1632","Andre Williams","6",5.9
"1633","Jerricho Cotchery","6",5.8
"1634","Dexter McCluster","6",5.8
"1635","Rueben Randle","6",5.8
"1636","Austin Seferian-Jenkins","6",5.8
"1637","Delanie Walker","6",5.7
"1638","Alfred Morris","6",5.5
"1639","Steve Johnson","6",5.3
"1640","Peyton Hillis","6",5.2
"1641","Tre Mason","6",5.2
"1642","Joseph Randle","6",5.2
"1643","Tavon Austin","6",5.1
"1644","Jordan Matthews","6",5
"1645","Dwayne Allen","6",4.9
"1646","Doug Martin","6",4.8
"1647","Jason Avant","6",4.7
"1648","Lorenzo Taliaferro","6",4.7
"1649","Brent Celek","6",4.5
"1650","Lance Dunbar","6",4.4
"1651","Golden Tate","6",4.4
"1652","John Brown","6",4.3
"1653","Bobby Rainey","6",4.2
"1654","James Starks","6",4.2
"1655","Maurice Jones-Drew","6",4
"1656","Eddie Lacy","6",4
"1657","Dane Sanzenbacher","6",4
"1658","Roddy White","6",4
"1659","Kenny Britt","6",3.9
"1660","Frank Gore","6",3.8
"1661","Emmanuel Sanders","6",3.8
"1662","Juwan Thompson","6",3.8
"1663","Jarius Wright","6",3.8
"1664","Chase Ford","6",3.7
"1665","Denard Robinson","6",3.6
"1666","Charles Clay","6",3.5
"1667","Andre Roberts","6",3.5
"1668","Reggie Wayne","6",3.5
"1669","Travis Benjamin","6",3.4
"1670","Owen Daniels","6",3.4
"1671","Zac Stacy","6",3.4
"1672","Levine Toilolo","6",3.4
"1673","Greg Jennings","6",3.3
"1674","Markus Wheaton","6",3.3
"1675","Doug Baldwin","6",3.2
"1676","Jim Dray","6",3.1
"1677","Devonta Freeman","6",3.1
"1678","Robert Herron","6",3.1
"1679","Vernon Davis","6",3
"1680","Miles Austin","6",2.9
"1681","Kyle Juszczyk","6",2.9
"1682","Brandon Myers","6",2.9
"1683","Stevan Ridley","6",2.9
"1684","Adrien Robinson","6",2.9
"1685","Odell Beckham Jr.","6",2.8
"1686","Keenan Allen","6",2.7
"1687","LeGarrette Blount","6",2.7
"1688","Greg Salas","6",2.7
"1689","Sammy Watkins","6",2.7
"1690","Teddy Bridgewater","6",2.6
"1691","Ronnie Brown","6",2.6
"1692","Marqise Lee","6",2.6
"1693","Steven Jackson","6",2.5
"1694","Dri Archer","6",2.4
"1695","Taylor Gabriel","6",2.4
"1696","Ryan Nassib","6",2.4
"1697","James Wright","6",2.4
"1698","Anthony Dixon","6",2.3
"1699","Eric Ebron","6",2.3
"1700","Devin Hester","6",2.3
"1701","Nate Washington","6",2.3
"1702","Alfred Blue","6",2.2
"1703","Charles Johnson","6",2.2
"1704","Chris Ivory","6",2.1
"1705","Daniel Fells","6",2
"1706","Will Ta'ufo'ou","6",2
"1707","Ka'Deem Carey","6",1.9
"1708","Heath Miller","6",1.9
"1709","Darrin Reaves","6",1.9
"1710","Allen Hurns","6",1.8
"1711","Knowshon Moreno","6",1.8
"1712","Hakeem Nicks","6",1.8
"1713","Cordarrelle Patterson","6",1.7
"1714","Victor Cruz","6",1.6
"1715","Crockett Gillmore","6",1.6
"1716","Jeremy Maclin","6",1.6
"1717","Brandon Williams","6",1.6
"1718","George Winn","6",1.6
"1719","Michael Hoomanawanui","6",1.5
"1720","Rob Housler","6",1.5
"1721","Carlos Hyde","6",1.5
"1722","John Kuhn","6",1.5
"1723","Bruce Miller","6",1.5
"1724","Austin Pettis","6",1.5
"1725","John Carlson","6",1.4
"1726","Eric Weems","6",1.4
"1727","Damian Williams","6",1.4
"1728","Matt Asiata","6",1.3
"1729","Brenton Bersin","6",1.3
"1730","Marcel Reece","6",1.3
"1731","Corey Fuller","6",1.2
"1732","DeAndre Hopkins","6",1.2
"1733","Leon Washington","6",1.2
"1734","Cole Beasley","6",1.1
"1735","T.J. Graham","6",1.1
"1736","Chris Johnson","6",1.1
"1737","Luke Willson","6",1.1
"1738","Brandon Bolden","6",1
"1739","Trey Burton","6",1
"1740","Jeff Cumberland","6",1
"1741","Brian Quick","6",1
"1742","Stepfan Taylor","6",1
"1743","Robert Turbin","6",1
"1744","Justin Brown","6",0.9
"1745","Aaron Dobson","6",0.9
"1746","Jack Doyle","6",0.9
"1747","Denarius Moore","6",0.9
"1748","Jacquizz Rodgers","6",0.9
"1749","Philly Brown","6",0.8
"1750","Ricardo Lockette","6",0.8
"1751","Jeremy Ross","6",0.8
"1752","Wes Welker","6",0.8
"1753","C.J. Fiedorowicz","6",0.7
"1754","Cooper Helfet","6",0.7
"1755","Robert Hughes","6",0.7
"1756","Niles Paul","6",0.7
"1757","Shane Vereen","6",0.7
"1758","Larry Donnell","6",0.6
"1759","Preston Parker","6",0.6
"1760","Kendall Wright","6",0.6
"1761","Jamize Olawale","6",0.5
"1762","Dion Sims","6",0.5
"1763","Rhett Ellison","6",0.4
"1764","Jeremy Kerley","6",0.4
"1765","Bilal Powell","6",0.4
"1766","Jed Collins","6",0.3
"1767","Bryan Walters","6",0.3
"1768","James Develin","6",0.2
"1769","Tyler Clutts","6",0.1
"1770","Vance McDonald","6",0.1
"1771","Jordan Todman","6",0.1
"1772","Travis Carrie","6",NA
"1773","Rich Ohrnberger","6",NA
"1774","Brad Wing","6",NA
"1775","C.J. Spiller","6",-0.1
"1776","Gino Gradkowski","6",-2
"1777","Dwayne Harris","6",-2
"1778","Walt Powell","6",-2
"1779","Isa Abdul-Quddus","6",NA
"1780","Oday Aboushi","6",NA
"1781","Emmanuel Acho","6",NA
"1782","Sam Acho","6",NA
"1783","Mike Adams","6",NA
"1784","Mike Adams","6",NA
"1785","Phillip Adams","6",NA
"1786","Jahleel Addae","6",NA
"1787","Mario Addison","6",NA
"1788","Ray Agnew","6",NA
"1789","Danny Aiken","6",NA
"1790","Walt Aikens","6",NA
"1791","Seyi Ajirotutu","6",NA
"1792","Branden Albert","6",NA
"1793","Lorenzo Alexander","6",NA
"1794","Maurice Alexander","6",NA
"1795","Robert Alford","6",NA
"1796","Antonio Allen","6",NA
"1797","Beau Allen","6",NA
"1798","Cortez Allen","6",NA
"1799","Jared Allen","6",NA
"1800","Nate Allen","6",NA
"1801","Russell Wilson","7",39.1
"1802","Demaryius Thomas","7",29.1
"1803","Peyton Manning","7",28.6
"1804","Aaron Rodgers","7",24.3
"1805","Sammy Watkins","7",24.2
"1806","Ryan Tannehill","7",23.9
"1807","Shane Vereen","7",23.4
"1808","Eli Manning","7",23
"1809","Matt Forte","7",22.9
"1810","Tom Brady","7",22.4
"1811","Ronnie Hillman","7",22.3
"1812","Tony Romo","7",21.7
"1813","Golden Tate","7",21.4
"1814","Drew Brees","7",21
"1815","Le'Veon Bell","7",20.5
"1816","Andrew Luck","7",20.3
"1817","DeMarco Murray","7",19.2
"1818","Ahmad Bradshaw","7",18.8
"1819","Denard Robinson","7",18.7
"1820","Geno Smith","7",18.7
"1821","Gavin Escobar","7",18.5
"1822","Chris Ivory","7",18.5
"1823","Doug Baldwin","7",18.3
"1824","Randall Cobb","7",18.3
"1825","Ryan Fitzpatrick","7",18.1
"1826","Stepfan Taylor","7",17.9
"1827","Ben Roethlisberger","7",16.9
"1828","Odell Beckham Jr.","7",16.7
"1829","Jamaal Charles","7",16.7
"1830","Kenny Stills","7",16.3
"1831","Carson Palmer","7",16.1
"1832","Matthew Stafford","7",16.1
"1833","Andre Ellington","7",16
"1834","Roddy White","7",16
"1835","Alex Smith","7",15.7
"1836","Arian Foster","7",15.5
"1837","Kyle Orton","7",15.2
"1838","Dez Bryant","7",15.1
"1839","Joe Flacco","7",14.7
"1840","Pierre Garcon","7",14.7
"1841","Tre Mason","7",14.5
"1842","Colin Kaepernick","7",14.3
"1843","Lamar Miller","7",14.3
"1844","Cam Newton","7",14.3
"1845","Philip Rivers","7",14.2
"1846","Torrey Smith","7",14.1
"1847","Austin Davis","7",14
"1848","Jordy Nelson","7",14
"1849","Steve Johnson","7",13.9
"1850","Charlie Whitehurst","7",13.4
"1851","Eddie Lacy","7",13.3
"1852","Antonio Brown","7",13.1
"1853","Kendall Wright","7",12.8
"1854","Joique Bell","7",12.7
"1855","Kelvin Benjamin","7",12.1
"1856","Antonio Gates","7",12.1
"1857","Cooper Helfet","7",12.1
"1858","Andrew Hawkins","7",12
"1859","Allen Robinson","7",12
"1860","Charles Clay","7",11.8
"1861","Owen Daniels","7",11.8
"1862","Trent Richardson","7",11.8
"1863","Matt Ryan","7",11.8
"1864","Darren McFadden","7",11.5
"1865","Dwayne Allen","7",11.2
"1866","Marques Colston","7",11.1
"1867","Jeff Cumberland","7",11
"1868","Mike Wallace","7",11
"1869","Wes Welker","7",11
"1870","Benny Cunningham","7",10.9
"1871","Michael Floyd","7",10.7
"1872","T.Y. Hilton","7",10.7
"1873","Derek Hagan","7",10.5
"1874","Greg Olsen","7",10.5
"1875","Bruce Ellington","7",10.4
"1876","Corey Fuller","7",10.4
"1877","James Starks","7",10.3
"1878","Jerick McKinnon","7",10.1
"1879","Emmanuel Sanders","7",10.1
"1880","Martavis Bryant","7",10
"1881","Justin Forsett","7",9.5
"1882","Colt McCoy","7",9.4
"1883","DeAndre Hopkins","7",8.8
"1884","Daniel Fells","7",8.7
"1885","Alfred Blue","7",8.5
"1886","Dwayne Bowe","7",8.4
"1887","Davante Adams","7",8.1
"1888","Brenton Bersin","7",8.1
"1889","Blake Bortles","7",8.1
"1890","Bernard Pierce","7",8.1
"1891","Chris Johnson","7",8
"1892","Danny Amendola","7",7.9
"1893","Jay Cutler","7",7.9
"1894","Austin Johnson","7",7.8
"1895","Branden Oliver","7",7.8
"1896","Terrance Williams","7",7.8
"1897","Greg Jennings","7",7.7
"1898","Andre Johnson","7",7.7
"1899","Lance Kendricks","7",7.7
"1900","Storm Johnson","7",7.6
"1901","Rueben Randle","7",7.4
"1902","Lance Moore","7",7.2
"1903","Cordarrelle Patterson","7",7.2
"1904","Anthony Sherman","7",7.2
"1905","Derek Carr","7",7.1
"1906","Marshawn Lynch","7",7.1
"1907","Teddy Bridgewater","7",7
"1908","Jermaine Kearse","7",7
"1909","Rob Gronkowski","7",6.8
"1910","Steve Smith","7",6.7
"1911","Anthony Dixon","7",6.6
"1912","Eric Decker","7",6.5
"1913","Coby Fleener","7",6.4
"1914","Brandon Lloyd","7",6.3
"1915","Jonathan Stewart","7",6.2
"1916","John Phillips","7",6.1
"1917","Blaine Gabbert","7",6
"1918","Jarius Wright","7",6
"1919","Keenan Allen","7",5.8
"1920","Martellus Bennett","7",5.8
"1921","Niles Paul","7",5.8
"1922","Derek Anderson","7",5.7
"1923","Julio Jones","7",5.6
"1924","Bishop Sankey","7",5.6
"1925","C.J. Spiller","7",5.6
"1926","Brice Butler","7",5.5
"1927","Brandon LaFell","7",5.5
"1928","Alfred Morris","7",5.4
"1929","Jordan Reed","7",5.4
"1930","Mohamed Sanu","7",5.4
"1931","Miles Austin","7",5.3
"1932","Julian Edelman","7",5.2
"1933","Travaris Cadet","7",5.1
"1934","Andre Williams","7",5.1
"1935","Anquan Boldin","7",5
"1936","Andy Dalton","7",5
"1937","Larry Donnell","7",5
"1938","Malcom Floyd","7",5
"1939","Daniel Thomas","7",5
"1940","DeSean Jackson","7",4.9
"1941","Jermaine Gresham","7",4.8
"1942","Brandon Marshall","7",4.8
"1943","Jarvis Landry","7",4.6
"1944","Brian Hoyer","7",4.5
"1945","Chris Hogan","7",4.3
"1946","Jace Amaro","7",4.2
"1947","Taylor Gabriel","7",3.9
"1948","Matt Asiata","7",3.7
"1949","Devonta Freeman","7",3.7
"1950","Dan Herron","7",3.7
"1951","A.J. Jenkins","7",3.7
"1952","John Brown","7",3.6
"1953","Scott Chandler","7",3.6
"1954","Knile Davis","7",3.6
"1955","Brian Hartline","7",3.5
"1956","James Jones","7",3.5
"1957","Clay Harbor","7",3.4
"1958","Andre Holmes","7",3.4
"1959","Ben Tate","7",3.4
"1960","Peyton Hillis","7",3.3
"1961","Travis Kelce","7",3.3
"1962","Brian Quick","7",3.3
"1963","Paul Richardson","7",3.3
"1964","Dion Sims","7",3.3
"1965","Reggie Bush","7",3.2
"1966","Jeremy Ross","7",3.2
"1967","Robert Turbin","7",3.1
"1968","Chris Givens","7",3
"1969","Pierre Thomas","7",3
"1970","Juwan Thompson","7",3
"1971","Mark Ingram","7",2.9
"1972","Jeremy Kerley","7",2.9
"1973","Devin Hester","7",2.8
"1974","Fred Jackson","7",2.8
"1975","Brandon Pettigrew","7",2.8
"1976","Michael Crabtree","7",2.7
"1977","Julius Thomas","7",2.7
"1978","Jason Witten","7",2.7
"1979","De'Anthony Thomas","7",2.6
"1980","Jordan Todman","7",2.6
"1981","Tavon Austin","7",2.5
"1982","Jared Cook","7",2.5
"1983","Steven Jackson","7",2.5
"1984","Marqise Lee","7",2.5
"1985","Garrett Graham","7",2.4
"1986","Darrel Young","7",2.4
"1987","Brandin Cooks","7",2.3
"1988","Isaiah Crowell","7",2.3
"1989","Carlos Hyde","7",2.3
"1990","Brandon Williams","7",2.2
"1991","Jerricho Cotchery","7",2.1
"1992","Vernon Davis","7",2.1
"1993","Jerome Felton","7",2.1
"1994","Larry Fitzgerald","7",2.1
"1995","Joseph Randle","7",2.1
"1996","John Carlson","7",2
"1997","Jack Doyle","7",2
"1998","Frank Gore","7",2
"1999","Roy Helu","7",2
"2000","Eddie Royal","7",2
"2001","Levine Toilolo","7",2
"2002","Chris Gragg","7",1.9
"2003","Preston Parker","7",1.9
"2004","Bilal Powell","7",1.9
"2005","Kamar Aiken","7",1.8
"2006","Mychal Rivera","7",1.8
"2007","Andre Roberts","7",1.8
"2008","LeGarrette Blount","7",1.7
"2009","Michael Campanaro","7",1.7
"2010","Ted Ginn","7",1.7
"2011","Darrius Heyward-Bey","7",1.7
"2012","Chris Ogbonnaya","7",1.7
"2013","Delanie Walker","7",1.7
"2014","Jackie Battle","7",1.6
"2015","Giovani Bernard","7",1.6
"2016","Kirk Cousins","7",1.6
"2017","Lance Dunbar","7",1.6
"2018","Jeremy Hill","7",1.5
"2019","Damaris Johnson","7",1.5
"2020","Reggie Wayne","7",1.5
"2021","Crockett Gillmore","7",1.3
"2022","Greg Little","7",1.3
"2023","Heath Miller","7",1.3
"2024","Denarius Moore","7",1.3
"2025","Jonas Gray","7",1.2
"2026","Jacquizz Rodgers","7",1.2
"2027","Cecil Shorts","7",1.2
"2028","Derek Carrier","7",1.1
"2029","David Nelson","7",1.1
"2030","Damien Williams","7",1.1
"2031","Albert Wilson","7",1.1
"2032","C.J. Anderson","7",0.9
"2033","Jaron Brown","7",0.9
"2034","C.J. Fiedorowicz","7",0.9
"2035","Cory Harkey","7",0.9
"2036","Alshon Jeffery","7",0.9
"2037","Donte Moncrief","7",0.9
"2038","Andrew Quarless","7",0.9
"2039","Antone Smith","7",0.9
"2040","Nate Washington","7",0.9
"2041","Josh Hill","7",0.8
"2042","Terrance West","7",0.8
"2043","Dri Archer","7",0.7
"2044","Johnny Hekker","7",0.7
"2045","Rob Housler","7",0.7
"2046","Allen Hurns","7",0.7
"2047","Jamize Olawale","7",0.7
"2048","Brandon Tate","7",0.7
"2049","Jason Avant","7",0.6
"2050","Ronnie Brown","7",0.6
"2051","Justin Hunter","7",0.6
"2052","Maurice Jones-Drew","7",0.6
"2053","Khiry Robinson","7",0.6
"2054","Michael Vick","7",0.6
"2055","Jordan Cameron","7",0.5
"2056","Keshawn Martin","7",0.5
"2057","Christine Michael","7",0.5
"2058","Cedric Peerman","7",0.5
"2059","Brandon Bolden","7",0.4
"2060","Kenny Britt","7",0.4
"2061","Kevin Dorsey","7",0.4
"2062","Kyle Juszczyk","7",0.4
"2063","John Kuhn","7",0.4
"2064","Brian Leonhardt","7",0.4
"2065","Kevin Norwood","7",0.4
"2066","Leon Washington","7",0.4
"2067","Ray Agnew","7",0.3
"2068","Virgil Green","7",0.3
"2069","Lorenzo Taliaferro","7",0.3
"2070","Ben Watson","7",0.3
"2071","Brandon Bostick","7",0.2
"2072","Bruce Miller","7",0.2
"2073","Frank Summers","7",0.2
"2074","Eric Weems","7",0.2
"2075","Richard Rodgers","7",0.1
"2076","Isaiah Burse","7",NA
"2077","Adam Jones","7",NA
"2078","Reshad Jones","7",NA
"2079","Danieal Manning","7",NA
"2080","Dante Rosario","7",-0.5
"2081","Robert Woods","7",-1
"2082","Dexter McCluster","7",-1.5
"2083","Jacoby Jones","7",-2
"2084","Jordan Poyer","7",-2
"2085","Isa Abdul-Quddus","7",NA
"2086","Husain Abdullah","7",NA
"2087","Oday Aboushi","7",NA
"2088","Sam Acho","7",NA
"2089","Mike Adams","7",NA
"2090","Mike Adams","7",NA
"2091","Phillip Adams","7",NA
"2092","Jahleel Addae","7",NA
"2093","Mario Addison","7",NA
"2094","Danny Aiken","7",NA
"2095","Walt Aikens","7",NA
"2096","Seyi Ajirotutu","7",NA
"2097","Branden Albert","7",NA
"2098","Lorenzo Alexander","7",NA
"2099","Robert Alford","7",NA
"2100","Antonio Allen","7",NA
"2101","Ben Roethlisberger","8",44.8
"2102","Arian Foster","8",35.3
"2103","Tom Brady","8",34.2
"2104","Rob Gronkowski","8",32.9
"2105","Jeremy Maclin","8",30.7
"2106","Emmanuel Sanders","8",30.6
"2107","Andrew Luck","8",26.6
"2108","Kyle Orton","8",26.1
"2109","Antonio Brown","8",25.8
"2110","Drew Brees","8",25
"2111","Matt Forte","8",24.8
"2112","Aaron Rodgers","8",24.8
"2113","Mark Ingram","8",23.5
"2114","Peyton Manning","8",23.4
"2115","Golden Tate","8",23.1
"2116","Larry Fitzgerald","8",22
"2117","Matthew Stafford","8",21.9
"2118","Brandin Cooks","8",21.8
"2119","Nick Foles","8",21.8
"2120","Jay Cutler","8",21.7
"2121","Sammy Watkins","8",21.7
"2122","T.Y. Hilton","8",21.5
"2123","Carson Palmer","8",21.2
"2124","Jamaal Charles","8",21.1
"2125","Martavis Bryant","8",20.3
"2126","DeMarco Murray","8",20.1
"2127","Andy Dalton","8",20
"2128","Philip Rivers","8",19.8
"2129","Lorenzo Taliaferro","8",18.9
"2130","Randall Cobb","8",18.6
"2131","Brandon LaFell","8",18.4
"2132","Eddie Lacy","8",18.2
"2133","John Brown","8",17.9
"2134","Colt McCoy","8",17.6
"2135","Antonio Gates","8",17.4
"2136","Donte Moncrief","8",17.3
"2137","Heath Miller","8",17.2
"2138","Chris Ivory","8",16.3
"2139","Zach Mettenberger","8",15.9
"2140","Matt Ryan","8",15.7
"2141","Martellus Bennett","8",15.5
"2142","Mohamed Sanu","8",15.2
"2143","Brian Hoyer","8",15.1
"2144","Le'Veon Bell","8",14.8
"2145","Derek Carr","8",14.8
"2146","Andrew Hawkins","8",14.8
"2147","Ahmad Bradshaw","8",14.7
"2148","Ryan Tannehill","8",14.6
"2149","Alfred Morris","8",14.5
"2150","Juwan Thompson","8",14.4
"2151","Ryan Fitzpatrick","8",14.3
"2152","Allen Robinson","8",14.2
"2153","Teddy Bridgewater","8",13.9
"2154","Theo Riddick","8",13.9
"2155","Ronnie Hillman","8",13.8
"2156","DeSean Jackson","8",13.6
"2157","Russell Wilson","8",13.5
"2158","Keenan Allen","8",13.3
"2159","Jason Witten","8",13
"2160","Andre Holmes","8",12.9
"2161","Andre Ellington","8",12.5
"2162","Tony Romo","8",12.5
"2163","Steven Jackson","8",12
"2164","Jimmy Graham","8",11.9
"2165","Alshon Jeffery","8",11.9
"2166","Tim Wright","8",11.9
"2167","Denard Robinson","8",11.8
"2168","Blake Bortles","8",11.6
"2169","Markus Wheaton","8",11.6
"2170","Alex Smith","8",11.3
"2171","Robert Woods","8",11
"2172","Knile Davis","8",10.9
"2173","Giovani Bernard","8",10.7
"2174","Justin Forsett","8",10.5
"2175","Demaryius Thomas","8",10.5
"2176","Mike Glennon","8",10.1
"2177","Lamar Miller","8",9.9
"2178","Greg Jennings","8",9.8
"2179","LeSean McCoy","8",9.7
"2180","Delanie Walker","8",9.7
"2181","Cordarrelle Patterson","8",9.6
"2182","DeAndre Hopkins","8",9.5
"2183","Kelvin Benjamin","8",9.4
"2184","Jonathan Stewart","8",9.4
"2185","Ben Tate","8",9.4
"2186","Justin Hunter","8",9.1
"2187","Dez Bryant","8",9
"2188","Michael Vick","8",9
"2189","Riley Cooper","8",8.8
"2190","Bilal Powell","8",8.8
"2191","Jonas Gray","8",8.6
"2192","Austin Davis","8",8.5
"2193","Mychal Rivera","8",8.3
"2194","Luke Willson","8",8.3
"2195","Jerick McKinnon","8",8.2
"2196","Dwayne Allen","8",8.1
"2197","Mike Evans","8",7.8
"2198","Davante Adams","8",7.5
"2199","Scott Chandler","8",7.2
"2200","Devonta Freeman","8",7.2
"2201","Terrance Williams","8",6.9
"2202","Nate Washington","8",6.8
"2203","Brandon Weeden","8",6.8
"2204","Bobby Rainey","8",6.6
"2205","Austin Seferian-Jenkins","8",6.6
"2206","Roddy White","8",6.6
"2207","Darren McFadden","8",6.5
"2208","Lee Smith","8",6.5
"2209","Alfred Blue","8",6.4
"2210","Dwayne Bowe","8",6.4
"2211","Marshawn Lynch","8",6.4
"2212","Rishard Matthews","8",6.3
"2213","Branden Oliver","8",6.3
"2214","Josh Hill","8",6.2
"2215","James Jones","8",6.2
"2216","Frank Summers","8",6.2
"2217","Doug Baldwin","8",6.1
"2218","Joique Bell","8",6.1
"2219","Chase Ford","8",6.1
"2220","Lance Kendricks","8",6.1
"2221","Bear Pascoe","8",6.1
"2222","Taylor Gabriel","8",6
"2223","Bishop Sankey","8",6
"2224","Leon Washington","8",6
"2225","Mike Wallace","8",5.9
"2226","Malcom Floyd","8",5.8
"2227","Julio Jones","8",5.8
"2228","Richard Rodgers","8",5.8
"2229","Kenny Stills","8",5.7
"2230","Andre Johnson","8",5.5
"2231","Jeremy Hill","8",5.3
"2232","Kendall Wright","8",5.3
"2233","Kenny Britt","8",5.2
"2234","Cam Newton","8",5.2
"2235","Jace Amaro","8",5.1
"2236","Dion Sims","8",5.1
"2237","Joe Flacco","8",5
"2238","Percy Harvin","8",5
"2239","Marques Colston","8",4.9
"2240","Allen Hurns","8",4.9
"2241","Zach Ertz","8",4.8
"2242","Travaris Cadet","8",4.7
"2243","Pierre Garcon","8",4.7
"2244","Jordan Matthews","8",4.7
"2245","Travis Kelce","8",4.5
"2246","Jeremy Kerley","8",4.5
"2247","Shane Vereen","8",4.5
"2248","Anthony Dixon","8",4.4
"2249","Corey Fuller","8",4.3
"2250","Roy Helu","8",4.3
"2251","Harry Douglas","8",4.2
"2252","Greg Little","8",4.2
"2253","Robert Turbin","8",4.2
"2254","Cecil Shorts","8",4.1
"2255","Kenbrell Thompkins","8",4.1
"2256","Jordan Cameron","8",4
"2257","Michael Campanaro","8",4
"2258","Eric Decker","8",4
"2259","Dexter McCluster","8",4
"2260","Jordan Reed","8",4
"2261","Zac Stacy","8",3.7
"2262","Benny Cunningham","8",3.5
"2263","Brandon Marshall","8",3.5
"2264","Steve Smith","8",3.5
"2265","Miles Austin","8",3.4
"2266","Jermaine Gresham","8",3.4
"2267","Marcel Reece","8",3.4
"2268","Stedman Bailey","8",3.3
"2269","Ka'Deem Carey","8",3.3
"2270","Jerricho Cotchery","8",3.3
"2271","Damaris Johnson","8",3.3
"2272","Tre Mason","8",3.3
"2273","Lance Moore","8",3.3
"2274","Jeremy Ross","8",3.1
"2275","Jacquizz Rodgers","8",3
"2276","Brandon Tate","8",3
"2277","Daniel Thomas","8",3
"2278","Eddie Royal","8",2.9
"2279","Matt Asiata","8",2.7
"2280","Jim Dray","8",2.7
"2281","Clay Harbor","8",2.7
"2282","Jarvis Landry","8",2.7
"2283","Hakeem Nicks","8",2.7
"2284","Niles Paul","8",2.7
"2285","Doug Martin","8",2.6
"2286","Dante Rosario","8",2.6
"2287","Levine Toilolo","8",2.6
"2288","Jordy Nelson","8",2.5
"2289","Anthony Sherman","8",2.4
"2290","Crockett Gillmore","8",2.3
"2291","Julius Thomas","8",2.3
"2292","Griff Whalen","8",2.3
"2293","Will Johnson","8",2.2
"2294","Ricardo Lockette","8",2.2
"2295","Kyle Juszczyk","8",2.1
"2296","Terrance West","8",2.1
"2297","Chris Johnson","8",2
"2298","Paul Richardson","8",2
"2299","Tavon Austin","8",1.9
"2300","Anthony Fasano","8",1.9
"2301","Brian Hartline","8",1.9
"2302","Andrew Quarless","8",1.9
"2303","Charles Johnson","8",1.8
"2304","Lance Dunbar","8",1.7
"2305","James White","8",1.7
"2306","John Carlson","8",1.6
"2307","Greg Olsen","8",1.6
"2308","Kamar Aiken","8",1.5
"2309","Bryce Brown","8",1.5
"2310","Jermaine Kearse","8",1.5
"2311","Julian Edelman","8",1.4
"2312","Chris Hogan","8",1.4
"2313","Maurice Jones-Drew","8",1.4
"2314","Chris Polk","8",1.4
"2315","De'Anthony Thomas","8",1.4
"2316","Ed Dickson","8",1.3
"2317","Toby Gerhart","8",1.3
"2318","Robert Hughes","8",1.3
"2319","Vincent Jackson","8",1.3
"2320","Kevin Norwood","8",1.3
"2321","Jarius Wright","8",1.3
"2322","LeGarrette Blount","8",1.2
"2323","Chris Givens","8",1.2
"2324","Christine Michael","8",1.2
"2325","Darrel Young","8",1.2
"2326","Cole Beasley","8",1.1
"2327","Jared Cook","8",1.1
"2328","Cooper Helfet","8",1.1
"2329","Louis Murphy","8",1.1
"2330","Andre Roberts","8",1.1
"2331","Ronnie Brown","8",1
"2332","Brian Quick","8",1
"2333","Jordan Todman","8",1
"2334","Brice Butler","8",0.9
"2335","Jimmy Clausen","8",0.9
"2336","Isaiah Crowell","8",0.9
"2337","Ladarius Green","8",0.9
"2338","Frankie Hammond","8",0.9
"2339","Marqise Lee","8",0.9
"2340","Chris Ogbonnaya","8",0.9
"2341","Brent Celek","8",0.8
"2342","Jimmy Garoppolo","8",0.8
"2343","Jaron Brown","8",0.7
"2344","Brandon Gibson","8",0.7
"2345","Jonathan Grimes","8",0.7
"2346","James Hanna","8",0.7
"2347","Dan Herron","8",0.7
"2348","Chris Owusu","8",0.7
"2349","Derek Hagan","8",0.6
"2350","Jeff Maehl","8",0.6
"2351","Danny Amendola","8",0.5
"2352","Jed Collins","8",0.5
"2353","Ryan Hewitt","8",0.5
"2354","Denarius Moore","8",0.5
"2355","Silas Redd","8",0.5
"2356","Antone Smith","8",0.5
"2357","James Starks","8",0.5
"2358","Wes Welker","8",0.5
"2359","Ryan Broyles","8",0.4
"2360","Coby Fleener","8",0.4
"2361","Demetrius Harris","8",0.4
"2362","DuJuan Harris","8",0.4
"2363","Jacob Tamme","8",0.4
"2364","Austin Johnson","8",0.3
"2365","Brandon Myers","8",0.3
"2366","Joseph Randle","8",0.3
"2367","Marlon Brown","8",0.2
"2368","George Winn","8",0.2
"2369","Jason Avant","8",0.1
"2370","Charles Clay","8",0.1
"2371","Shonn Greene","8",0.1
"2372","Mike James","8",0.1
"2373","Darrin Reaves","8",0.1
"2374","Travis Benjamin","8",NA
"2375","Brenton Bersin","8",NA
"2376","Trindon Holliday","8",NA
"2377","Ryan Kalil","8",NA
"2378","Aaron Williams","8",NA
"2379","Darrius Heyward-Bey","8",-0.4
"2380","Josh Huff","8",-0.8
"2381","Erik Lorig","8",-1.2
"2382","Matt Flynn","8",-1.7
"2383","Matt Schaub","8",-2
"2384","Stephen Schilling","8",-2
"2385","Geno Smith","8",-5.8
"2386","Isa Abdul-Quddus","8",NA
"2387","Husain Abdullah","8",NA
"2388","Oday Aboushi","8",NA
"2389","Emmanuel Acho","8",NA
"2390","Sam Acho","8",NA
"2391","Mike Adams","8",NA
"2392","Mike Adams","8",NA
"2393","Jahleel Addae","8",NA
"2394","Mario Addison","8",NA
"2395","Danny Aiken","8",NA
"2396","Walt Aikens","8",NA
"2397","Seyi Ajirotutu","8",NA
"2398","Branden Albert","8",NA
"2399","Lorenzo Alexander","8",NA
"2400","Robert Alford","8",NA
"2401","Ben Roethlisberger","9",35.7
"2402","Andrew Luck","9",30.7
"2403","Tom Brady","9",29.7
"2404","Jeremy Hill","9",28.3
"2405","Ryan Tannehill","9",28.2
"2406","Jeremy Maclin","9",27.8
"2407","Marshawn Lynch","9",26.3
"2408","Matt Asiata","9",25.7
"2409","Mike Evans","9",24.4
"2410","Allen Hurns","9",23.2
"2411","Mark Ingram","9",23
"2412","Alfred Morris","9",22.9
"2413","Eli Manning","9",22.2
"2414","Peyton Manning","9",21.8
"2415","Antonio Brown","9",20.4
"2416","Carson Palmer","9",19.8
"2417","Andre Ellington","9",19.4
"2418","Ryan Fitzpatrick","9",19
"2419","Blake Bortles","9",18.9
"2420","Joe Flacco","9",18.3
"2421","Ronnie Hillman","9",18.3
"2422","Drew Brees","9",18.1
"2423","DeSean Jackson","9",18
"2424","Arian Foster","9",17.9
"2425","Brian Hoyer","9",17.9
"2426","DeAndre Hopkins","9",17.5
"2427","Julian Edelman","9",16.9
"2428","Teddy Bridgewater","9",16.7
"2429","Martavis Bryant","9",16.7
"2430","Rob Gronkowski","9",16.5
"2431","Robert Griffin","9",16.4
"2432","Denard Robinson","9",16.4
"2433","Mohamed Sanu","9",16.4
"2434","Mike Glennon","9",16.1
"2435","Alex Smith","9",16
"2436","Mychal Rivera","9",15.8
"2437","Odell Beckham Jr.","9",15.6
"2438","Anquan Boldin","9",15.3
"2439","Emmanuel Sanders","9",15.1
"2440","Jamaal Charles","9",14.8
"2441","Taylor Gabriel","9",14.7
"2442","Andy Dalton","9",14.4
"2443","Jimmy Graham","9",14.3
"2444","Coby Fleener","9",13.7
"2445","Percy Harvin","9",13.7
"2446","Michael Vick","9",13.6
"2447","T.Y. Hilton","9",13.1
"2448","Reggie Wayne","9",13
"2449","Derek Carr","9",12.7
"2450","Travis Kelce","9",12.7
"2451","Demaryius Thomas","9",12.7
"2452","Shane Vereen","9",12.7
"2453","Chase Ford","9",12.6
"2454","Mark Sanchez","9",12.6
"2455","Markus Wheaton","9",12.6
"2456","Charles Clay","9",12.5
"2457","Eric Decker","9",12.3
"2458","LeSean McCoy","9",12.3
"2459","Cam Newton","9",12.3
"2460","Torrey Smith","9",12.3
"2461","Bobby Rainey","9",12.1
"2462","Le'Veon Bell","9",11.8
"2463","Lamar Miller","9",11.7
"2464","Brandon LaFell","9",11.3
"2465","Matt Spaeth","9",11.3
"2466","Chris Polk","9",11
"2467","Terrance West","9",11
"2468","Colin Kaepernick","9",10.9
"2469","Dwayne Allen","9",10.8
"2470","Corey Washington","9",10.8
"2471","Jarvis Landry","9",10.6
"2472","Andre Williams","9",10.6
"2473","Justin Forsett","9",10.5
"2474","Russell Wilson","9",10.3
"2475","A.J. Green","9",10.1
"2476","Chris Johnson","9",10.1
"2477","Jordan Matthews","9",10
"2478","Julius Thomas","9",9.3
"2479","Kenny Britt","9",9.2
"2480","DeMarco Murray","9",9
"2481","Vincent Jackson","9",8.6
"2482","Larry Donnell","9",8.5
"2483","Anthony Fasano","9",8.4
"2484","Rishard Matthews","9",8.1
"2485","Ahmad Bradshaw","9",7.9
"2486","John Carlson","9",7.9
"2487","Greg Jennings","9",7.6
"2488","Jaron Brown","9",7.5
"2489","Dez Bryant","9",7.5
"2490","Brandon Weeden","9",7.5
"2491","Marion Grice","9",7.2
"2492","Kenny Stills","9",7.2
"2493","Nick Foles","9",7.1
"2494","Larry Fitzgerald","9",7
"2495","Peyton Hillis","9",7
"2496","Toby Gerhart","9",6.8
"2497","Jerick McKinnon","9",6.8
"2498","Darren McFadden","9",6.7
"2499","Darren Sproles","9",6.3
"2500","Jason Witten","9",6.2
"2501","Lance Dunbar","9",6.1
"2502","Crockett Gillmore","9",6.1
"2503","Malcom Floyd","9",6
"2504","Cecil Shorts","9",6
"2505","Jerricho Cotchery","9",5.9
"2506","Frank Gore","9",5.8
"2507","Tre Mason","9",5.7
"2508","Dwayne Bowe","9",5.5
"2509","Lorenzo Taliaferro","9",5.5
"2510","Miles Austin","9",5.4
"2511","Owen Daniels","9",5.3
"2512","Travis Benjamin","9",5.2
"2513","Roy Helu","9",5.2
"2514","C.J. Anderson","9",5.1
"2515","Austin Davis","9",5.1
"2516","Damien Williams","9",5.1
"2517","Brian Hartline","9",5
"2518","Mike Wallace","9",5
"2519","DeAngelo Williams","9",5
"2520","Rueben Randle","9",4.9
"2521","Robert Turbin","9",4.9
"2522","Benny Cunningham","9",4.8
"2523","Keenan Allen","9",4.7
"2524","Jonathan Stewart","9",4.6
"2525","Hakeem Nicks","9",4.4
"2526","Ted Ginn","9",4.2
"2527","Trent Richardson","9",4.2
"2528","Steve Johnson","9",4.1
"2529","Michael Crabtree","9",4
"2530","Doug Baldwin","9",3.8
"2531","Brandin Cooks","9",3.8
"2532","Marques Colston","9",3.6
"2533","Michael Floyd","9",3.6
"2534","Jermaine Gresham","9",3.6
"2535","Steve Smith","9",3.6
"2536","Danny Amendola","9",3.5
"2537","Allen Robinson","9",3.5
"2538","Andrew Hawkins","9",3.4
"2539","Jonas Gray","9",3.3
"2540","Ben Tate","9",3.2
"2541","Cedric Peerman","9",3.1
"2542","De'Anthony Thomas","9",3.1
"2543","Wes Welker","9",3.1
"2544","Travaris Cadet","9",3
"2545","Rhett Ellison","9",3
"2546","Greg Olsen","9",3
"2547","Donald Brown","9",2.9
"2548","Jarius Wright","9",2.9
"2549","Antonio Gates","9",2.8
"2550","Andre Holmes","9",2.8
"2551","Marlon Brown","9",2.7
"2552","Michael Cox","9",2.7
"2553","Riley Cooper","9",2.6
"2554","Jim Dray","9",2.6
"2555","Josh Huff","9",2.6
"2556","Branden Oliver","9",2.6
"2557","Robert Meachem","9",2.5
"2558","LeGarrette Blount","9",2.3
"2559","Carlos Hyde","9",2.2
"2560","Chris Ivory","9",2.2
"2561","Marcel Reece","9",2.2
"2562","Daniel Thomas","9",2.2
"2563","Brice Butler","9",2
"2564","Bilal Powell","9",2
"2565","Vernon Davis","9",1.9
"2566","Kevin Norwood","9",1.9
"2567","Terrance Williams","9",1.9
"2568","Tavon Austin","9",1.8
"2569","Kelvin Benjamin","9",1.8
"2570","Brandon Gibson","9",1.8
"2571","Robert Hughes","9",1.8
"2572","James Jones","9",1.8
"2573","Niles Paul","9",1.8
"2574","Andre Roberts","9",1.8
"2575","Matt Simms","9",1.8
"2576","Jordan Reed","9",1.7
"2577","Gary Barnidge","9",1.6
"2578","Damaris Johnson","9",1.6
"2579","Christine Michael","9",1.6
"2580","Luke Willson","9",1.6
"2581","Pierre Garcon","9",1.5
"2582","Dan Herron","9",1.4
"2583","Gator Hoskins","9",1.4
"2584","Heath Miller","9",1.4
"2585","James Develin","9",1.3
"2586","Charles Johnson","9",1.3
"2587","Jeff Maehl","9",1.3
"2588","Louis Murphy","9",1.3
"2589","Albert Wilson","9",1.3
"2590","Kamar Aiken","9",1.2
"2591","Cole Beasley","9",1.2
"2592","Jared Cook","9",1.2
"2593","Dwayne Harris","9",1.2
"2594","Andre Johnson","9",1.2
"2595","Kyle Juszczyk","9",1.2
"2596","Latavius Murray","9",1.2
"2597","Paul Richardson","9",1.2
"2598","Juwan Thompson","9",1.2
"2599","Jeremy Kerley","9",1.1
"2600","James Wright","9",1.1
"2601","Alfred Blue","9",1
"2602","Rex Burkhead","9",1
"2603","A.J. Jenkins","9",1
"2604","Brandon Lloyd","9",1
"2605","Jacob Tamme","9",1
"2606","Brandon Tate","9",1
"2607","Jordan Todman","9",1
"2608","Knile Davis","9",0.9
"2609","Bruce Ellington","9",0.9
"2610","Junior Hemingway","9",0.9
"2611","Mike James","9",0.9
"2612","Maurice Jones-Drew","9",0.9
"2613","Cordarrelle Patterson","9",0.9
"2614","Jason Avant","9",0.8
"2615","Matt Moore","9",0.8
"2616","Kenbrell Thompkins","9",0.8
"2617","Stedman Bailey","9",0.7
"2618","John Brown","9",0.7
"2619","Brent Celek","9",0.7
"2620","Ryan Hewitt","9",0.7
"2621","Lance Kendricks","9",0.7
"2622","Preston Parker","9",0.7
"2623","Derek Carrier","9",0.6
"2624","Demetrius Harris","9",0.6
"2625","Trey Watts","9",0.6
"2626","Brandon Williams","9",0.6
"2627","Ronnie Brown","9",0.5
"2628","Bruce Miller","9",0.5
"2629","Dri Archer","9",0.4
"2630","Kellen Clemens","9",0.4
"2631","Zach Ertz","9",0.4
"2632","Jermaine Kearse","9",0.4
"2633","Lance Moore","9",0.4
"2634","Ben Watson","9",0.4
"2635","Austin Seferian-Jenkins","9",0.3
"2636","Edwin Baker","9",0.2
"2637","Henry Hynoski","9",0.2
"2638","Donte Moncrief","9",0.2
"2639","Bernard Pierce","9",0.2
"2640","Joseph Randle","9",0.2
"2641","Will Johnson","9",0.1
"2642","Britton Colquitt","9",NA
"2643","Cooper Helfet","9",NA
"2644","Griff Whalen","9",NA
"2645","Travis Carrie","9",-2
"2646","DeMeco Ryans","9",-2
"2647","Philip Rivers","9",-2.2
"2648","Husain Abdullah","9",NA
"2649","Oday Aboushi","9",NA
"2650","Emmanuel Acho","9",NA
"2651","Sam Acho","9",NA
"2652","Mike Adams","9",NA
"2653","Mike Adams","9",NA
"2654","Phillip Adams","9",NA
"2655","Mario Addison","9",NA
"2656","Danny Aiken","9",NA
"2657","Walt Aikens","9",NA
"2658","Seyi Ajirotutu","9",NA
"2659","Branden Albert","9",NA
"2660","Lorenzo Alexander","9",NA
"2661","Antonio Allen","9",NA
"2662","Beau Allen","9",NA
"2663","Cortez Allen","9",NA
"2664","Ryan Allen","9",NA
"2665","Will Allen","9",NA
"2666","Tyson Alualu","9",NA
"2667","Jace Amaro","9",NA
"2668","David Amerson","9",NA
"2669","Prince Amukamara","9",NA
"2670","Colt Anderson","9",NA
"2671","Bryan Anger","9",NA
"2672","Terron Armstead","9",NA
"2673","Ray Ray Armstrong","9",NA
"2674","Kyle Arrington","9",NA
"2675","Larry Asante","9",NA
"2676","Geno Atkins","9",NA
"2677","Josh Aubrey","9",NA
"2678","Marvin Austin","9",NA
"2679","Denico Autry","9",NA
"2680","Cliff Avril","9",NA
"2681","Akeem Ayers","9",NA
"2682","Robert Ayers","9",NA
"2683","Jason Babin","9",NA
"2684","Johnson Bademosi","9",NA
"2685","Allen Bailey","9",NA
"2686","Alvin Bailey","9",NA
"2687","Dan Bailey","9",NA
"2688","Brandon Bair","9",NA
"2689","Chris Baker","9",NA
"2690","Marcus Ball","9",NA
"2691","Johnthan Banks","9",NA
"2692","Joe Banyard","9",NA
"2693","Joe Barksdale","9",NA
"2694","Antwan Barnes","9",NA
"2695","Khalif Barnes","9",NA
"2696","Tim Barnes","9",NA
"2697","Anthony Barr","9",NA
"2698","Mark Barron","9",NA
"2699","Lamin Barrow","9",NA
"2700","Connor Barwin","9",NA
